Sentence,Score,Stopword
"એક ખૂબ જ, ખૂબ, ખૂબ જ ધીમી ગતિએ ચાલતી, વ્યથિત, વહી જતા યુવાન વિશેની ધ્યેય વિનાની મૂવી",0,હે
"ખાતરી નથી કે કોણ વધુ ખોવાઈ ગયું - ફ્લેટ પાત્રો અથવા પ્રેક્ષકો, જેમાંથી લગભગ અડધા લોકો બહાર નીકળી ગયા",0,છુ
"બ્લેક એન્ડ વ્હાઇટ અને ચપળ કેમેરા એંગલ સાથે કલાત્મકતાનો પ્રયાસ કરીને, મૂવી નિરાશ થઈ - વધુ હાસ્યાસ્પદ બની - કારણ કે અભિનય નબળી હતો અને પ્લોટ અને રેખાઓ લગભગ અસ્તિત્વમાં નથી",0,છું
ખૂબ જ ઓછું સંગીત અથવા બોલવા માટે કંઈપણ,0,છે
મૂવીનો શ્રેષ્ઠ સીન ત્યારે હતો જ્યારે ગેરાર્ડો એક ગીત શોધવાનો પ્રયાસ કરી રહ્યો હતો જે તેના માથામાંથી વહેતું રહે છે,1,કે
બે કલાક બગાડ્યા,0,જો
"આજે ફિલ્મ જોઈ અને વિચાર્યું કે આ એક સારો પ્રયાસ છે, બાળકો માટે સારો સંદેશ છે",1,જી
થોડી ધારી,0,ને
વિજ્ઞાન શિક્ષક તરીકે જીમી બફેટનું કાસ્ટિંગ ગમ્યું,1,નાં
અને તે બાળક ઘુવડ આરાધ્ય હતા,1,નું
"મૂવીએ ઘણું બધું ફ્લોરિડા તેના શ્રેષ્ઠમાં દર્શાવ્યું, તેને ખૂબ જ આકર્ષક બનાવ્યું",1,ની
ગીતો શ્રેષ્ઠ હતા અને મપેટ્સ ખૂબ આનંદી હતા,1,નો
ઈટ વોઝ સો કૂલ,1,તો
"આ એક ખૂબ જ ""રાઇટ ઓન કેસ"" મૂવી છે જે તમારા ચહેરા પર બધું જ બરાબર પહોંચાડે છે",1,જો
"તેમાં મુખ્ય વ્યક્તિની કેટલીક સરેરાશ અભિનય હતી, અને તે ઓછું બજેટ હતું કારણ કે તમે સ્પષ્ટપણે જોઈ શકો છો",0,લેતા
"આ સમીક્ષા લાંબા સમયથી મુદતવીતી છે, કારણ કે હું અ ટેલ ઓફ ટુ સિસ્ટર્સને અત્યાર સુધીની સૌથી શ્રેષ્ઠ ફિલ્મ ગણું છું",1,શા
"હું આ રત્નને પટકથા, સિનેમેટોગ્રાફી, અભિનય, પોસ્ટ-પ્રોડક્શન, એડિટિંગ, દિગ્દર્શન અથવા ફિલ્મ-નિર્માણના અન્ય કોઈપણ પાસાઓના સંદર્ભમાં કોઈપણ મૂવી સામે મૂકીશ",1,હો
"તે બધામાં વ્યવહારીક રીતે સંપૂર્ણ છે ખોટી ""માસ્ટરપીસના સમુદ્રમાં એક સાચી માસ્ટરપીસ",1,હોઈ
સિનેમાના ઈતિહાસમાં આ ફિલ્મનું બંધારણ સહેલાઈથી સૌથી વધુ ચુસ્ત રીતે બાંધવામાં આવ્યું છે,1,મા
હું એવી બીજી કોઈ ફિલ્મ વિશે વિચારી શકતો નથી કે જ્યાં દર બીજી મિનિટે કંઈક મહત્ત્વપૂર્ણ બને,1,બધું
"બીજા શબ્દોમાં કહીએ તો, આ ફિલ્મનું કન્ટેન્ટ લેવલ અન્ય એક ડઝન ફિલ્મોને સરળતાથી ભરવા માટે પૂરતું છે",1,મી
"તે તદ્દન સરળ રીતે સિનેમાનું સર્વોચ્ચ, સૌથી ઉત્કૃષ્ટ સ્વરૂપ કલ્પના કરી શકાય તેવું છે",1,એન
"હા, આ ફિલ્મને પઝલ-સોલ્વિંગની નોંધપાત્ર માત્રાની જરૂર છે, પરંતુ સુંદર ચિત્ર બનાવવા માટે ટુકડાઓ એકસાથે બંધબેસે છે",1,તું
આ ટૂંકી ફિલ્મ ચોક્કસપણે કોઈ પંચ ખેંચતી નથી,0,છો
ગ્રાફિક્સ રમતના શ્રેષ્ઠ ભાગથી દૂર છે,0,છીએ
આ શ્રેણીની શ્રેષ્ઠ TH ગેમ છે,1,નં
તે મજબૂત પ્રેમને પાત્ર છે,1,એવો
તે એક પાગલ રમત છે,1,હોવા
આ રમત પર તમારા પૈસા બગાડો,1,તેથી
આ એક પ્રકારનું નાણું છે જે યોગ્ય રીતે વેડફાય છે,1,નું
"ખરેખર, તે સમયે ગ્રાફિક્સ સારા હતા",1,છ
આજે ગ્રાફિક્સ વાહિયાત છે,0,એવા
"જેમ કે તેઓ કેનેડામાં કહે છે, આ મજાની રમત છે, હા",1,એની
આ રમત રોકે છે,1,થતાં
"તેને ખરીદો, તેને રમો, તેનો આનંદ લો, તેને પ્રેમ કરો",1,જેવી
તે શુદ્ધ બ્રિલિયન્સ છે,1,બંને
આ તેની કલ્પનાથી વિનાશકારી ફ્લિક હતી,0,હશે
"તેનો ખૂબ જ વિચાર પાંગળો હતો - એક સામાન્ય PG-13 ફિલ્મમાંથી એક નાનકડું પાત્ર લો, અને તેનો ટોન બદલીને PG-રેટેડ ફેમિલી મૂવીમાં સંપૂર્ણ બિન-સિક્વલ બનાવો",0,માં
મને સહેજ પણ રસ નહોતો,0,ની
"તેણે માત્ર એ વાતની પુષ્ટિ કરી નથી કે આ ફિલ્મ અસાધારણ અને સામાન્ય હશે, પરંતુ તે આખી ફિલ્મને દૂર કરવામાં પણ વ્યવસ્થાપિત છે; અને હું અતિશયોક્તિ કરતો નથી - ટ્રેલરમાં દરેક ક્ષણ, દરેક પ્લોટ બિંદુ, દરેક મજાક કહેવામાં આવે છે",0,હતાં
પરંતુ તે માત્ર રમુજી નથી,0,તેવી
પરંતુ પ્રતિભાશાળી કેરેલ પણ આને બચાવી શકશે નહીં,0,થયો
"મોર્ગન ફ્રીમેન, જોનાહ હિલ અને એડ હેલ્મ્સ જેવા લોકો માત્ર વેડફાઇ જતી હોવાથી તેના સહ-સ્ટાર વધુ સારા નથી",0,એવી
વાર્તા પોતે માત્ર અનુમાનિત અને આળસુ છે,0,થી
"માત્ર વાસ્તવિક અસરોનું કાર્ય એ તમામ પ્રાણીઓની હાજરી છે, અને તે દ્રશ્યોમાં એકીકરણ એ મેં ક્યારેય જોયેલું સૌથી ખરાબ અને સૌથી સ્પષ્ટ વાદળી/લીલા-સ્ક્રીન કામ છે",0,થયું
"પરંતુ તે ગમે તે હતું કે જે તેમને ખૂબ ખર્ચ કરે છે, તે ગુણવત્તામાં ભાષાંતર કરતું નથી, તે ખાતરી માટે છે",0,ત્યાં
દેખીતી રીતે ઓછા બજેટ હોવા છતાં અથવા કદાચ તેના કારણે ફિલ્મ સફળ થાય છે,1,છતાં
"મને ખુશી છે કે ફિલ્મ સૌથી વધુ સ્પષ્ટ પસંદગી માટે નથી ગઈ, કારણ કે ઓછી ફિલ્મ ચોક્કસપણે હશે",1,તેઓ
"અત્યાર સુધીના સૌથી સુંદર ગીતોમાંથી એક સાથે, ફ્રેન્ચ કેનકેન સ્ક્રીન પર ગ્રેસ કરવા માટે અત્યાર સુધીની સૌથી સુંદર અગ્રણી મહિલાઓમાંની એકનું ગૌરવ પણ ધરાવે છે",1,તેમ
તે છોકરી સાથે પ્રેમમાં ન પડવું મુશ્કેલ છે,1,ને
"નકારાત્મક પર, તે સ્ક્રીનની સામે જીવનના બીજા 2 કલાક વેડફવા માટે અફસોસ પેદા કરવા માટે પૂરતું અસ્પષ્ટ છે",0,તેને
"લાંબુ, ઘોર અને અર્થહીન",0,હું
"પરંતુ હું તેમના ભાવિ પ્રયત્નોની રાહ જોવાની ભલામણ કરું છું, આને જવા દો",0,બાદ
"ઉત્તમ કાસ્ટ, સ્ટોરી લાઈન, પરફોર્મન્સ",1,શકે
તદ્દન વિશ્વાસપાત્ર,1,જો
એની હેચે સાવ ખાતરી હતી,1,રહી
સેમ શેપર્ડનું ગુંગ હો મરીનનું ચિત્રણ શાંત હતું,1,એમ
હું ટીવી સ્ક્રીન પર બેઠો હતો,1,તેના
મને લાગે છે કે ટોમ હેન્ક્સ એક સારો અભિનેતા છે,1,કરે
મારા બાળકો જ્યારે નાના હતા ત્યારે મને આ પુસ્તક વાંચવાની મજા આવતી,1,થઇ
હું ફિલ્મમાં ખૂબ જ નિરાશ થયો હતો,0,સુધી
એક પાત્ર એવા અવાજથી તદ્દન હેરાન છે જે મને ચૉકબોર્ડ પર નખનો અહેસાસ કરાવે છે,0,કોઈ
તદ્દન બિનજરૂરી ટ્રેન/રોલર કોસ્ટર દ્રશ્ય છે,0,ના
આ દ્રશ્યો અથવા પાત્રો માટે કોઈ હૂંફ અથવા વશીકરણ ન હતું,0,હવે
આ મૂવી મારા જ્ઞાનતંતુઓ પર સંપૂર્ણપણે ઝીણી ઝીણી છે,0,તેની
"ઇમ્પ્રૂવાઇઝેશન દ્વારા પર્ફોર્મન્સમાં સુધારો થતો નથી, કારણ કે કલાકારો પાસે હવે ચિંતા કરવાની બમણી છે: માત્ર તેઓ લાઇનને સારી રીતે પહોંચાડી રહ્યા છે કે કેમ, પરંતુ શું લાઈન પોતે સારી છે કે કેમ",0,ન
"અને, તદ્દન પ્રામાણિકપણે, ઘણી વખત તે ખૂબ સારું નથી",0,જે
ઘણીવાર સંવાદ ખરેખર એક લીટીથી બીજી લાઇનમાં અનુસરતો નથી અથવા આસપાસના વાતાવરણને અનુરૂપ નથી,0,તા
"તે એક અણધારી, જુવાન ઉર્જા સાથે ક્રેક કરે છે - પરંતુ પ્રામાણિકપણે, મને તેનું પાલન કરવું અને તેના પર ધ્યાન કેન્દ્રિત કરવું ખૂબ જ ખરાબ લાગ્યું",0,હોય
તેમાં સામાન્ય રીતે કેટલીક મહાન વસ્તુઓ છે,1,હતું
હું એમ નહિ કહું કે તેઓ તમારા સમયના 2 કલાકના મૂલ્યના છે,0,એ
"સસ્પેન્સ બિલ્ડરો સારા હતા, અને માત્ર G થી PG સુધીની લાઇન ક્રોસ કરો",1,કરી
"મને ખાસ કરીને માતાપિતા સાથે બિન-ક્લીચ પસંદગીઓ ગમતી હતી; અન્ય મૂવીમાં, હું સંવાદ શબ્દશઃ અનુમાન કરી શકતો હતો, પરંતુ આ મૂવીમાં લખાણ વધુ સારી પસંદગી કરે છે",1,તે
"જો તમને એવી મૂવી જોઈતી હોય કે જે ગ્રોસ ન હોય પરંતુ તમને થોડી ઠંડી આપે, તો આ એક શ્રેષ્ઠ પસંદગી છે",1,હતી
એલેક્ઝાન્ડર નેવસ્કી એક મહાન ફિલ્મ છે,1,માટે
"તે એક અદ્ભુત ફિલ્મ કલાકાર છે, જેઓ જીવ્યા છે તે સૌથી મહત્વપૂર્ણમાંના એક છે",1,તો
આ જો પ્રથમ મૂવી મેં 10 થી વર્ષોમાં આપી છે,1,જ
"જો ક્યારેય એવી કોઈ ફિલ્મ હોય કે જેને પ્રમોટ કરવા માટે શબ્દોની જરૂર હોય, તો તે આ છે",1,પણ
"એકંદરે, ફિલ્મ રસપ્રદ અને વિચારપ્રેરક છે",1,કે
"ઉપરાંત, તે સારી રીતે ચાલતું હતું અને તેના પ્રમાણમાં ટૂંકા સમય માટે અનુકૂળ હતું",1,આ
આ એક નજર આપો,1,અને
ધ વિન્ડ એન્ડ ધ લાયન સારી રીતે લખાયેલ છે અને શાનદાર અભિનય કર્યો છે,1,અમે
તે સાચી ક્લાસિક છે,1,તમે
જ્યાં સુધી બી-લિસ્ટ હોરર/સસ્પેન્સ ફિલ્મો જાય છે ત્યાં સુધી તે વાસ્તવમાં ખૂબ જ યોગ્ય હોવાનું બહાર આવ્યું છે,1,?
ચોક્કસપણે તપાસવા યોગ્ય છે,1,.
સમસ્યા સ્ક્રિપ્ટની હતી,0,!
તે ભયાનક હતું,0,","
તેના વિશે બિલકુલ વિશ્વાસપાત્ર કંઈ નહોતું,0,:
હું માત્ર એક જ સસ્પેન્સ અનુભવી રહ્યો હતો કે છોકરીઓ કેટલી મંદ હતી,0,;
મન્ના ફ્રોમ હેવન એક જબરદસ્ત ફિલ્મ છે જે એક જ સમયે અનુમાનિત અને અણધારી બંને છે,1,@
દ્રશ્યો ઘણીવાર રમુજી અને પ્રસંગોપાત સ્પર્શી જાય છે કારણ કે પાત્રો તેમના જીવન અને તેઓ ક્યાં જઈ રહ્યા છે તેનું મૂલ્યાંકન કરે છે,1,'
પીઢ કલાકારોની કાસ્ટ માત્ર નોસ્ટાલ્જિયાની સફર કરતાં વધુ છે,1,""""
મને નથી લાગતું કે તમે નિરાશ થશો,1,#
"સાચું કહું તો, કોટન ક્લબ અને અનફેથફુલ પછી, આ ફિલ્મમાં લેન અને ગેરને જોવું શરમજનક હતું, કારણ કે તે ખરાબ છે",0,$
"અભિનય ખરાબ હતો, સંવાદો અત્યંત છીછરા અને અવિવેકી હતા",0,%
"તે ખૂબ અનુમાનિત હતું, એક ચિક ફ્લિક માટે પણ",0,*
ખૂબ રાજકીય રીતે યોગ્ય,0,&
ખૂબ જ નિરાશાજનક,0,+
"દૃશ્યાવલિ અને ઘર જોવાલાયક એકમાત્ર વસ્તુ હતી, કારણ કે તે સુંદર છે",1,-
"હું લેનને પ્રેમ કરું છું, પરંતુ મેં તેને ક્યારેય આટલી ખરાબ ફિલ્મમાં જોઈ નથી",0,=
દોઢ કલાક હું ઈચ્છું છું કે હું પાછો લાવી શકું,0,/
પરંતુ લેખનની દ્રષ્ટિએ તે ખૂબ જ ફ્રેશ અને બોલ્ડ છે,1, 
"અભિનય લેખન સાથે ખૂબ જ સારી રીતે મદદ કરે છે (કદાચ મૂર્ખ-સાંત બહેન વધુ સારી રીતે ભજવી શકી હોત), અને તે જોવાનો ખરેખર આનંદ છે",1,૧
દિગ્દર્શન અને સિનેમેટોગ્રાફી એટલી સારી નથી,0,૨
"), અને કેટલીકવાર તે એટલું શરમજનક હતું કે મારે દૂર જોવું પડ્યું",0,૩
દિગ્દર્શન ખૂબ દંભી લાગે છે,0,૪
"""ઓહ-તે-પરિપક્વ"" પાડોશી-છોકરી સાથેના દ્રશ્યો ખોટી જગ્યાએ છે",0,૫
અને સામાન્ય રીતે રેખાઓ અને પ્લોટ સરેરાશ એપિસોડ કરતા નબળા હોય છે,0,૬
"પછી દ્રશ્ય જ્યાં તેઓએ ચર્ચા કરી કે ટ્રમ્પેટરને કાઢી મૂકવો કે નહીં (જેના પર હત્યા માટે ખોટી રીતે આરોપ મૂકવામાં આવ્યો હતો) તે શુદ્ધ ભયાનક છે, ખરેખર મૂર્ખ છે",0,૭
"જો કે ""પ્રીલ્યુડ"" ને કેટલીક તાળીઓ આપવી જોઈએ",1,૮
મને તે ખરેખર ગમ્યું,1,૯
એક મહાન દિગ્દર્શકની શાનદાર ફિલ્મ,1,૦
મૂવીએ તમને તમારી સીટની કિનારે બેસાડ્યા હતા અને તમને રાતના અંતે તમારી કાર પર જવા માટે થોડો ડર લાગતો હતો,1,1
ફિલ્મનું સંગીત પણ ખરેખર સરસ છે,1,2
હું કોઈને પણ જઈને જોવાની સલાહ આપીશ,1,3
મને આ ફિલ્મ ખૂબ જ ગમી,1,4
મારી એકમાત્ર સમસ્યા એ છે કે મને લાગ્યું કે વિલનની ભૂમિકા ભજવનાર અભિનેતાનું ભાડું ઓછું હતું,0,5
તેણે મારા વિશ્વને હચમચાવી નાખ્યું અને કોઈ પણ સામાજિક અથવા ભૌતિક આઉટલેટ વિનાના કોઈપણ માટે તે ચોક્કસપણે જોવું આવશ્યક છે,1,6
"જો કે, આ એકંદરે, આ એક જબરદસ્ત કંટાળાજનક ફિલ્મ હતી તે હકીકત માટે બનાવ્યું ન હતું",0,7
"આ ફિલ્મમાં બેન એફ્લેક અને સાન્ડ્રા બુલોક વચ્ચે કોઈ રસાયણશાસ્ત્ર ન હતું, અને હું સમજી શકતો ન હતો કે તે શા માટે તેની પત્નીને આ બચ્ચા માટે છોડી દેવાનું પણ વિચારશે કે જેના દ્વારા તેને પછાડવામાં આવ્યો હતો",0,8
મૂવીમાં એવી ઘણી ક્ષણો હતી કે જેને ત્યાં રહેવાની જરૂર ન હતી અને તે અત્યંત ધીમી ગતિએ આગળ વધી રહી હતી,0,9
"આ ""માય બેસ્ટ ફ્રેન્ડ્સ વેડિંગ"" ની નબળી રીમેક હતી",0,0
"એકંદરે, એક મહાન નિરાશા",0,
"હું માની શકતો નથી કે કલાકારો આ ""ફિલ્મ"" કરવા માટે સંમત થયા",0,
હું માનું છું કે આ ડ્રિબલને પ્રસારિત કરનાર નેટવર્ક પર કોઈએ તેને મૂકતા પહેલા જોયું નથી,0,
"IMDB રેટિંગ ભયાનક માટે માત્ર 1 જેટલું નીચું જાય છે, આવા કિસ્સાઓમાં કેટલાક નકારાત્મક નંબરો મેળવવાનો સમય આવી ગયો છે",0,
"મેં ગઈ રાત્રે ""મિરરમાસ્ક"" જોયું અને તે એક અસંતોષકારક અનુભવ હતો",0,
"કમનસીબે, દિશાના બિનઅનુભવીનો અર્થ એ હતો કે દ્રશ્ય પછીનું દ્રશ્ય નાટકીય તણાવ અથવા સંઘર્ષના માર્ગમાં થોડું પસાર થયું",0,
"આ ફિલ્મની કેન્દ્રીય થીમ છે અને તેને અયોગ્ય રીતે, સ્ટીરિયોટાઇપિક રીતે અને કલ્પનાના ઊંડાણ વિના સંભાળવામાં આવી છે",0,
વિશ્વના તમામ સુંદર ચિત્રો કામના એક ભાગ માટે બનાવી શકતા નથી જે મૂળમાં ખામીયુક્ત છે,0,
"જીવન વિશે રડતા અને રડતા ખૂબ જ સુંદર ઉચ્ચ શાળાના વિદ્યાર્થીઓના સમૂહને અનુસરીને, તે સમયનો અડધો કલાક બગાડ છે",0,
"તમે તેમની સાથે સંબંધ બાંધી શકતા નથી, તમે ભાગ્યે જ તેમને સમજી શકો છો",0,
આ ચોક્કસપણે અન્ય લોકો સાથે જોવા અને શેર કરવા યોગ્ય સંપ્રદાય ક્લાસિક છે,1,
"આ મૂવી એક શુદ્ધ આપત્તિ છે, વાર્તા મૂર્ખ છે અને એડિટિંગ મેં જોયું છે તે સૌથી ખરાબ છે, તે તમને અવિશ્વસનીય રીતે મૂંઝવણમાં મૂકે છે",0,
માછલી ખરાબ રીતે બનાવવામાં આવી છે અને તેના કેટલાક પાણીની અંદરના શોટને ફિલ્મમાં હજાર વખત પુનરાવર્તિત કરવામાં આવ્યા છે,0,
"ખરેખર, ખરેખર ખરાબ ફિલ્મ",0,
"અભિનય ભયંકર છે, અને લેખન વધુ ખરાબ છે",0,
મેં ખૂબ ચૂકવણી કરી,0,
તે એક વાસ્તવિક સારવાર છે,1,
"ફરીથી, કોઈ પ્લોટ નથી",0,
મને આવી ફિલ્મો નફરત છે,0,
"અરે વાહ, ફિલ્મ ખૂબ ખૂબ sucked",0,
"જો તમે આ મૂવી જોવા જાવ છો, તો એક ઓશીકું અથવા ગર્લફ્રેન્ડ/બોયફ્રેન્ડ લઈને આવો જેથી તમે તમારી અંદર વ્યસ્ત રહે",0,
ભયાનક,0,
મને નથી લાગતું કે હું ક્યારેય કોઈ ફિલ્મમાં ગયો હોઉં અને તેને આટલો નાપસંદ કર્યો હોય,0,
હું ચોક્કસપણે આ ભેદનો અર્થ સારી રીતે નથી કરતો,0,
હું આનો અર્થ ભયંકર રીતે કરું છું,0,
આ ફિલ્મમાં કોઈ રિડીમિંગ ફીચર્સ નથી,0,
બધું જ ભયાનક છે,0,
વાર્તા મૂર્ખતાની બહાર છે,0,
બાળકો હેરાન કરે છે,0,
મુખ્ય માણસ કરિશ્મા-મુક્ત છે,0,
"કોઈપણ સ્તરે યોગ્યતા વિના સંપૂર્ણપણે, આ ત્રાસ સમાન છે",0,
હું તેને ફરીથી કહીશ પણ આ ત્રાસ છે,0,
કદાચ આ અત્યાચાર માટે વાજબી સમજૂતી હશે,0,
સ્વ-શોધની સુખદ સફર નથી,0,
અત્યંત અનિચ્છનીય,0,
"જો આ આધાર મૂર્ખ લાગે છે, તો તે એટલા માટે છે કારણ કે તે છે",0,
"હા, તે ખરાબ છે",0,
ભલામણ કરવા માટે કંઈ જ નથી,0,
"આ મૂવી લેખનને કારણે સહન કરી, તેને વધુ સસ્પેન્સની જરૂર હતી",0,
ઘણા બધા ક્લોઝ અપ્સ હતા,0,
પરંતુ તે સિવાય મૂવી ખેંચી જતી હતી અને હીરો ખરેખર તેમની સ્વતંત્રતા માટે કામ કરતા ન હતા,0,
પરંતુ આ મૂવી ચોક્કસપણે સરેરાશથી ઓછું ભાડું છે,0,
આ ફિલ્મ ખરાબ છે,0,
જેથી ખરાબ,0,
ફિલ્મ ઘણી લાંબી છે,0,
આ ચોક્કસપણે ખરાબ મુદ્દાઓ પૈકી એક છે,0,
મને જે ફિલ્મ મળી હતી તે તેની ઉંમર માટે સારી ગુણવત્તાવાળી ફિલ્મ હતી,1,
જ્હોન વેને મૂવી ઇન્ડસ્ટ્રીમાં આટલા યુવાન હોવા બદલ અકલ્પનીય કામ કર્યું,1,
મને લાગે છે કે જોન વેઇનની જૂની ફિલ્મ જોવી જ જોઈએ,1,
હું ખરેખર જોતો નથી કે કોઈ આ મૂવી કેવી રીતે માણી શકે,0,
મને નથી લાગતું કે જંકના આ સ્વ-આનંદી ભાગ જેટલી કંટાળાજનક ફિલ્મ મેં ક્યારેય જોઈ હોય,0,
"કદાચ તે વધુ સારું હોત જો દિગ્દર્શકે ફિલ્મનો મોટાભાગનો ભાગ તેની પોતાની આર્ટ વર્ક દર્શાવવામાં ન ખર્ચ્યો હોત, જે ખરેખર તેટલી નોંધપાત્ર નથી",0,
"બીજી વસ્તુ જે મને ખરેખર ગમતી ન હતી તે એ છે કે જ્યારે કોઈ પાત્રના ચહેરા પર મુક્કો મારવામાં આવે છે, ત્યારે તરત જ એક ગેલન લોહી વહેતું હતું",0,
તેનું પ્રદર્શન ફક્ત જીનિયસ છે,1,
પોપડો સારો નથી,0,
સ્વાદિષ્ટ નથી અને રચના માત્ર બીભત્સ હતી,0,
રિક સ્ટીવની ભલામણથી મે મહિનાના અંતમાં બેંક રજાઓ દરમિયાન રોકાયા અને તેને ગમ્યું,1,
મેનુ પર પસંદગી મહાન હતી અને તેથી કિંમતો હતી,1,
હવે હું ગુસ્સે થઈ રહ્યો છું અને મને મારો ડામ ફો જોઈએ છે,0,
પ્રામાણિકતા તે તાજા સ્વાદ ન હતી,0,
બટાકા રબર જેવા હતા અને તમે કહી શકો કે તેઓ ગરમ પાણીની નીચે રાખવામાં આવે તે પહેલાં જ બનેલા હતા,0,
ફ્રાઈસ પણ મહાન હતા,1,
એક મહાન સ્પર્શ,1,
સેવા ખૂબ જ ઝડપી હતી,1,
પાછા ન જતા,0,
કેશિયરને કોઈ પરવા નહોતી કે મારે શું કહેવું છે તે હજી પણ વધુ પડતી કિંમતમાં સમાપ્ત થઈ ગયું છે,0,
હું નારાજ હતો કારણ કે મને ખાતરી હતી કે તે માનવ વાળ છે,0,
હું ચોંકી ગયો હતો કારણ કે કોઈ ચિહ્નો માત્ર રોકડ સૂચવે છે,0,
ખૂબ આગ્રહણીય,1,
વેઇટ્રેસ સેવામાં થોડી ધીમી હતી,0,
"આ સ્થાન તમારા સમય માટે યોગ્ય નથી, વેગાસને એકલા દો",0,
બિલકુલ ન ગમ્યું,0,
"ખોરાક, અમેઝિંગ",1,
સેવા પણ સુંદર છે,1,
તેથી તેઓએ પ્રદર્શન કર્યું,1,
#NAME?,0,
દિવાલના આ છિદ્રમાં મહાન મેક્સીકન સ્ટ્રીટ ટેકોઝ અને મૈત્રીપૂર્ણ સ્ટાફ છે,1,
"અમારું ભોજન મેળવવા માટે એક કલાકનો સમય લાગ્યો રેસ્ટોરન્ટમાં ફક્ત 4 ટેબલ મારો ખોરાક લ્યુક ગરમ હતો, અમારું વિચ્છેદ આજુબાજુ ચાલી રહ્યું હતું જેમ કે તે સંપૂર્ણપણે ભરાઈ ગયો હતો",0,
સૌથી ખરાબ સૅલ્મોન સાશિમી હતું,0,
"ઉપરાંત 23 માટે બર્ગર, ફ્રાઈસ અને બીયર જેવા કોમ્બોઝ છે જે એક યોગ્ય ડીલ છે",1,
મને આ સ્થળ અકસ્માતે મળ્યું અને હું ખુશ થઈ શક્યો નહીં,1,
"કેટલાક પરિચિત પબ ફૂડનો ડંખ લેવા માટે એક સારી ઝડપી જગ્યા જેવું લાગે છે, પરંતુ તમારી તરફેણ કરો અને બીજે જુઓ",0,
"એકંદરે, મને આ સ્થાન ખૂબ ગમે છે",1,
રેસ્ટોરન્ટની એકમાત્ર રિડીમિંગ ગુણવત્તા એ હતી કે તે ખૂબ સસ્તું હતું,1,
પૂરતા ભાગો અને સારી કિંમતો,1,
"નબળી સેવા, વેઈટરે જ્યારે પણ તે ટેબલ પર આવે ત્યારે હું મૂર્ખ હતો તેવું મને અનુભવ્યું",0,
સેવા sucks,0,
ઝીંગા ટેન્ડર અને ભેજવાળી,1,
મને ફરીથી તે સંસ્થામાં ખેંચી જાય તેટલો સારો સોદો નથી,0,
આ બાજુઓ સારી હતી કે કેમ તે નક્કી કરવું મુશ્કેલ છે કારણ કે અમે ઓગળેલા સ્ટાયરોફોમથી કચડી ગયા હતા અને બીમાર થવાના ડરથી અમે તેને ખાવા માંગતા ન હતા,0,
"સકારાત્મક નોંધ પર, અમારું સર્વર ખૂબ જ સચેત હતું અને શ્રેષ્ઠ સેવા પ્રદાન કરે છે",1,
"રજીસ્ટર પાછળ કેટલાક ખરાબ લોકો સાથે, અણગમાના થીજી ગયેલા પક્સ",0,
મને ગમતી એકમાત્ર વસ્તુ પ્રાઇમ રીબ અને ડેઝર્ટ વિભાગ હતી,1,
તે ખૂબ જ ખરાબ છે કે ખોરાક ખૂબ જ સામાન્ય છે,0,
"બર્ગર સારું બીફ છે, બરાબર રાંધવામાં આવે છે",1,
"ગ્રીક ડ્રેસિંગ સાથે મારી બાજુનું ગ્રીક સલાડ ખૂબ જ સ્વાદિષ્ટ હતું, અને પિટા અને હમસ ખૂબ જ તાજું હતું",1,
અમે દુર્લભ બતકનો ઓર્ડર આપ્યો હતો અને તે અંદરથી ગુલાબી અને ટેન્ડર હતું અને બહારથી સરસ ચાર હતું,1,
જ્યારે તેમને ખબર પડી કે મારા પતિએ તેમના સનગ્લાસ ટેબલ પર મૂકી દીધા છે ત્યારે તે અમારી પાછળ દોડી આવ્યા હતા,1,
"તેઓ ગ્રાહકો પ્રત્યે ભયાનક વલણ ધરાવે છે, અને જ્યારે ગ્રાહકો તેમના ભોજનનો આનંદ લેતા નથી ત્યારે દરેક સાથે વાત કરે છે",0,
ડાઉનટાઉન વેગાસમાં હાર્ટ એટેક ગ્રીલ એ રેસ્ટોરન્ટ માટે એકદમ સપાટ બહાનું છે,0,
ખૂબ સીફૂડ નથી અને તળિયે પાસ્તાની 5 સ્ટ્રીંગની જેમ,0,
"સલાડમાં સ્કેલોપને વધુ શક્તિ ન આપવા માટે માત્ર યોગ્ય માત્રામાં ચટણી હતી, જે સંપૂર્ણ રીતે રાંધવામાં આવી હતી",1,
"ફાટેલું કેળું માત્ર ફાટેલું જ નહોતું, પણ પેટ્રીફાઈડ અને સ્વાદહીન હતું",0,
હું તમને 10 મિનિટ સુધી લહેરાવવામાં સંઘર્ષ કરું તે પહેલાં ઓછામાં ઓછું મારું પાણી ફરીથી ભરવાનું વિચારો,0,
કોકટેલ બધી હાથથી બનાવેલી અને સ્વાદિષ્ટ હોય છે,1,
અમે ચોક્કસપણે અહીં પાછા ફરીશું,1,
અમને આ સ્થાન મળ્યું હોવાથી અમે ખૂબ જ ખુશ છીએ,1,
"મહાન ખોરાક અને સેવા, વિશાળ ભાગો અને તેઓ લશ્કરી ડિસ્કાઉન્ટ આપે છે",1,
અમને ખોરાક મળ્યો અને દેખીતી રીતે તેઓએ મીઠું વિશે ક્યારેય સાંભળ્યું ન હતું અને માછલી પર સખત મારપીટ ચાવવાની હતી,0,
એક મહાન સમાપ્ત કરવા માટે એક મહાન માર્ગ,1,
"આ સોદામાં 5 ટેસ્ટિંગ અને 2 ડ્રિંક્સનો સમાવેશ થાય છે, અને જેફ અમારી અપેક્ષા કરતાં વધુ અને આગળ ગયો",1,
#NAME?,1,
સેવા મેહ હતી,0,
"તેમનો મિલ્કશેક મેળવવામાં 30 મિનિટથી વધુ સમય લાગ્યો, જે ચોકલેટ મિલ્ક સિવાય બીજું કંઈ ન હતું",0,
"મને લાગે છે કે મને ખબર હોવી જોઈએ કે આ સ્થાન શોષી લેશે, કારણ કે તે એક્સકેલિબરની અંદર છે, પરંતુ મેં મારી સામાન્ય સમજનો ઉપયોગ કર્યો નથી",0,
સ્કૉલપ વાનગી મૂલ્ય માટે પણ ખૂબ જ ભયાનક છે,0,
શક્કરીયાની ફ્રાઈસ ખૂબ જ સારી અને મસાલેદાર હતી,1,
આજે બીજી વખત હું તેમના લંચ બફેટમાં ગયો છું અને તે ખૂબ સારું હતું,1,
વેગાસમાં એટલું બધું સારું ફૂડ છે કે રાઇસ એન્ડ કંપનીમાં જઈને ખાવાની તક વેડફવા બદલ મને છેતરાયાનો અનુભવ થાય છે,0,
અહીં આવવું એ એક અણગમતા સંબંધનો અનુભવ કરવા જેવું છે જ્યાં બંને પક્ષો અન્ય વ્યક્તિના સંબંધને તોડવા માટે પૂછે તેની રાહ જોઈ શકતા નથી,0,
અંદર ચાલ્યા ગયા અને જગ્યા જૂની ગ્રીસ ટ્રેપ જેવી દુર્ગંધ મારતી હતી અને ત્યાં માત્ર 2 અન્ય લોકો ખાય છે,0,
ટર્કી અને રોસ્ટ બીફ સૌમ્ય હતા,0,
પાન કેક દરેક વ્યક્તિ છ વર્ષના બાળકના તાળવાને અનુરૂપ ખાંડવાળી આફતની જેમ સ્વાદ માટે ઉત્સાહિત છે,0,
મને ફો અને સ્પ્રિંગ રોલ્સ ગમે છે ઓહ ખૂબ જ સ્વાદિષ્ટ તમારે પ્રયાસ કરવો પડશે,1,
નબળું બેટર ટુ મીટ રેશિયો ચિકન ટેન્ડરને ખૂબ જ અસંતોષકારક બનાવે છે,0,
"સારાંશમાં, આ મોટે ભાગે નિરાશાજનક જમવાનો અનુભવ હતો",0,
"તે તમારા મોંમાં ખરેખર સેક્સી પાર્ટી જેવું છે, જ્યાં તમે પાર્ટીમાં સૌથી હોટ વ્યક્તિ સાથે આક્રોશપૂર્વક ફ્લર્ટિંગ કરી રહ્યાં છો",1,
અમે ફરી ક્યારેય નહીં જઈએ,0,
તે સારું ન હતું,0,
"ઉપરની બાજુએ, તેમનું કાફે ખરેખર સારું ભોજન આપે છે",1,
"એકમાત્ર સારી બાબત એ હતી કે અમારો વેઈટર હતો, તે ખૂબ જ મદદગાર હતો અને બ્લોડી મેરીના આવવાને રાખતો હતો",1,
"શહેરમાં શ્રેષ્ઠ બફેટ, કિંમત માટે તમે તેને હરાવી શકતા નથી",1,
"મને આ વાઇનના ઘટાડામાં રાંધવામાં આવેલા તેમના મસલ્સ ગમ્યા, બતક કોમળ હતી, અને તેમના બટાકાની વાનગીઓ સ્વાદિષ્ટ હતી",1,
આ એક શ્રેષ્ઠ બફેટ્સ છે કે જે હું રહ્યો છું,1,
વાતાવરણ અદ્ભુત છે અને ત્યાં સંગીત વગાડવામાં આવે છે,1,
આગળની સફર બહાર પાછા જશે,1,
"વાસ્તવિક સુશી પ્રેમીઓ, ચાલો પ્રમાણિક બનો - યમ તેટલો સારો નથી",0,
"અમારા ઓર્ડર અને ફૂડ પહોંચતા વચ્ચે ઓછામાં ઓછા 40 મિનિટ પસાર થયા, અને તે એટલું વ્યસ્ત ન હતું",0,
સારા ભાવ,1,
તપાસી જુઓ,1,
મારી પાસે વધુ સારું વાતાવરણ હતું,0,
એક ટુકડો ગડબડ કરવા માટે હાર્ડ પ્રકારની પરંતુ તેઓ કર્યું,0,
"જોકે મને આ સ્થળનો દેખાવ અને અવાજ ખૂબ જ ગમ્યો, વાસ્તવિક અનુભવ થોડો નિરાશાજનક હતો",0,
મને ખબર નથી કે જ્યારે તેઓ ભારતીય રાંધણકળા તૈયાર કરી રહ્યા હોય ત્યારે આ સ્થાને મેં ક્યારેય ખાધું હોય તેટલું સૌમ્ય ભોજન પીરસવામાં કેવી રીતે વ્યવસ્થાપિત થઈ,0,
"બુટ કરવા માટે સૌથી ખરાબ સેવા, પરંતુ તે તેમની ચિંતાઓમાં સૌથી ઓછી છે",0,
સેવા સારી હતી અને વેઇટ્રેસ મૈત્રીપૂર્ણ હતી,1,
"બધા લોકો પાસે સ્ટીક હતા, અને અમારા સ્ટીક પ્રેમાળ પુત્ર કે જેણે શ્રેષ્ઠ અને સૌથી ખરાબ સ્થળોએ સ્ટીક ખાધી છે તેણે કહ્યું કે તે અત્યાર સુધી ખાયેલું શ્રેષ્ઠ સ્ટીક હતું",1,
"અમે વિચાર્યું કે સારી સુશી મેળવવા માટે તમારે વધુ દૂર જવું પડશે, પરંતુ આ સ્થાન ખરેખર તે રાત્રે સ્થળ પર આવી ગયું",1,
"અસાધારણ ખોરાક, સેવા અને વાતાવરણ",1,
હું પાછો નહીં ફરું,0,
"ચોક્કસપણે ડુક્કરનું માંસ પેટ માટે સ્ટ્રીપ બોલ venturing વર્થ, હું વેગાસ છું આગલી વખતે પાછા આવશે",1,
આ સ્થાન સાધારણ ખોરાક માટે ખૂબ જ વધુ પડતું છે,0,
"તેમની પાસે મોટા પ્રમાણમાં મીટલોફ સેન્ડવીચ, ક્રિસ્પી ચિકન રેપ, એક સ્વાદિષ્ટ ટુના મેલ્ટ અને કેટલાક સ્વાદિષ્ટ બર્ગર સહિત ખોરાકની સારી પસંદગી છે",1,
મેનેજમેન્ટ અસંસ્કારી છે,0,
"સ્વાદિષ્ટ NYC બેગલ્સ, ક્રીમ ચીઝની સારી પસંદગી, કેપર્સ સાથે વાસ્તવિક Lox પણ",1,
"ગ્રેટ સબવે, વાસ્તવમાં તે ઘણું સારું છે જ્યારે તમે અહીં આવો છો ત્યારે દરેક અન્ય સબવે તમારી અપેક્ષાઓ પૂરી નહીં કરે",1,
મેં અહીં ગંભીર રીતે નક્કર નાસ્તો કર્યો,1,
આ વેગાસમાં ખોરાક સાથેના શ્રેષ્ઠ બારમાંથી એક છે,1,
"તે અત્યંત અસંસ્કારી હતો અને ખરેખર, એવી ઘણી બીજી રેસ્ટોરન્ટ્સ છે જ્યાં મને વેગાસમાં સપ્તાહાંત દરમિયાન જમવાનું ગમશે",0,
મારું પીણું ક્યારેય ખાલી નહોતું અને તેણે કેટલાક ખરેખર મહાન મેનૂ સૂચનો કર્યા,1,
વેઈટર મદદરૂપ કે મૈત્રીપૂર્ણ ન હતો અને ભાગ્યે જ અમારી તપાસ કરવામાં આવે છે,0,
મારા પતિ અને મેં અહીં બપોરનું ભોજન લીધું અને ભોજન અને સેવાથી ખૂબ નિરાશ થયા,0,
અને લાલ કરીમાં વાંસની ઘણી ડાળીઓ હતી અને તે મારા માટે બહુ સ્વાદિષ્ટ ન હતી,0,
ટોચ પર મોઝનો સરસ ધાબળો છે પરંતુ મને લાગે છે કે આ સબપાર ખોરાકને ઢાંકવા માટે કરવામાં આવ્યું હતું,1,
સ્નાનગૃહ સ્વચ્છ છે અને સ્થળ પોતે જ સુશોભિત છે,1,
"મેનૂ હંમેશા બદલાતું રહે છે, ખોરાકની ગુણવત્તા નીચે જઈ રહી છે અને સેવા અત્યંત ધીમી છે",0,
"સેવા થોડી ધીમી હતી, તે ધ્યાનમાં લેતા કે 3 લોકો સર્વર દ્વારા સેવા આપવામાં આવી હતી તેથી ખોરાક ધીમી ગતિએ આવી રહ્યો હતો",0,
અમે અમારા વેઈટરને અન્ય ટેબલો પર વધુ ધ્યાન આપતા અને અમારી અવગણના કરતા જોયા,0,
હું અને મારી મંગેતર દિવસના મધ્યમાં આવ્યા અને અમને તરત જ આવકારવામાં આવ્યા અને બેઠા,1,
મંડલય ખાડી પર આ એક સરસ રેસ્ટોરન્ટ છે,1,
અમે પિસ્તાલીસ મિનિટ સુધી વ્યર્થ રાહ જોઈ,0,
સલાડ સાથે આવેલ ક્રોસ્ટિની વાસી હતી,0,
સ્ટાફ મૈત્રીપૂર્ણ છે અને સંયુક્ત હંમેશા સ્વચ્છ છે,1,
બીજા દિવસના ટુકડા કરતા આ એક અલગ કટ હતો પરંતુ તે હજુ પણ અદ્ભુત અને કોમળ તેમજ સ્વાદયુક્ત છે,1,
મેં વૂડૂ પાસ્તાનો ઓર્ડર આપ્યો હતો અને ઘણા વર્ષો પહેલા ગ્લુટેન મુક્ત થયા પછી મને ખરેખર ઉત્તમ પાસ્તા મળ્યો હતો,1,
આ જગ્યા સારી છે,1,
"દુર્ભાગ્યવશ, અમે બચેલા દિવસે બેકરી પર હુમલો કર્યો હોવો જોઈએ કારણ કે અમે જે બધું ઓર્ડર કર્યું હતું તે વાસી હતું",0,
તેઓ સ્થાનાંતરિત થયા ત્યારથી હું આજે પાછો આવ્યો છું અને હજુ પણ પ્રભાવિત થયો નથી,0,
હું તરત જ બેસી ગયો,1,
"તેમનું મેનૂ વૈવિધ્યસભર છે, અને વ્યાજબી કિંમતે છે",1,
રેસ્ટોરન્ટ હંમેશા ભરેલી હોય છે પરંતુ ક્યારેય રાહ જોવાની નથી,1,
આ સ્થાન ફોનિક્સ મેટ્રો વિસ્તારમાં ખાવા માટેના શ્રેષ્ઠ સ્થાનોમાંથી એક છે,1,
મારી સાથે આટલો ખરાબ વ્યવહાર ક્યારેય થયો નથી,0,
બેકન હેલા ખારી છે,1,
અમે સ્પિનચ અને એવોકાડો કચુંબર પણ મંગાવ્યું; ઘટકો ઉદાસી હતા અને ડ્રેસિંગનો શાબ્દિક સ્વાદ શૂન્ય હતો,0,
"ખરેખર આ રીતે વેગાસ ફાઇન ડાઇનિંગ બનતું હતું, તે મહિલાઓને આપવામાં આવતા મેનૂમાં જેની કોઈ કિંમતો સૂચિબદ્ધ નથી",1,
વેઇટ્રેસ ખૂબ મૈત્રીપૂર્ણ છે,1,
મેનૂ પરની દરેક વસ્તુ જબરદસ્ત છે અને અમે પણ રોમાંચિત હતા કે તેઓએ અમારી શાકાહારી પુત્રી માટે અદ્ભુત રહેવાની વ્યવસ્થા કરી,1,
"કદાચ મેં તેમને અન્ય સમીક્ષાઓ દ્વારા નક્કી કરીને બંધ રાતે પકડ્યા, પરંતુ હું પાછા જવા માટે પ્રેરિત નથી",0,
અહીંની સેવા ઇચ્છિત થવા માટે ઘણું છોડી દે છે,0,
"વાતાવરણ આધુનિક અને હિપ છે, જ્યારે આરામનો સ્પર્શ જાળવી રાખે છે",1,
"સાપ્તાહિક હૉન્ટ નથી, પરંતુ ચોક્કસપણે દરેક સમયે પાછા આવવાનું સ્થળ",1,
અમે શાબ્દિક રીતે 20 મિનિટ સુધી ત્યાં બેઠા અને કોઈએ અમારો ઓર્ડર લેવાનું કહ્યું નહીં,0,
"બર્ગરમાં બિલકુલ સ્વાદ ન હતો - માંસ પોતે જ એકદમ નમ્ર હતું, બર્ગર વધારે રાંધેલું હતું અને ચારકોલનો સ્વાદ નહોતો",0,
મેં તેને પાછું ન મોકલવાનું પણ નક્કી કર્યું કારણ કે અમારી વેઇટ્રેસને એવું લાગતું હતું કે તેણીને હાર્ટ એટેક આવવાની આરે હતી,0,
તે કદાચ ગંદકી હતી,0,
"આ સ્થાનને પ્રેમ કરો, જ્યારે હું કંઈક સ્વસ્થ ઈચ્છું છું પણ જથ્થા અથવા સ્વાદમાં અભાવ નથી ત્યારે તે સ્થળ પર પહોંચે છે",1,
મેં લેમન રાસ્પબેરી આઈસ કોકટેલનો ઓર્ડર આપ્યો જે અકલ્પનીય પણ હતો,1,
"ખોરાક ચૂસી ગયો, જેની અમને અપેક્ષા હતી પરંતુ તે આપણે કલ્પના કરી શકીએ તે કરતાં વધુ ચૂસી ગયું",0,
રસપ્રદ સરંજામ,1,
મને ખરેખર જે ગમે છે તે ક્રેપ સ્ટેશન છે,1,
બંને એગ રોલ્સ લાજવાબ હતા,1,
"જ્યારે મારો ઓર્ડર આવ્યો, ત્યારે ગાયરોમાંથી એક ગાયબ હતો",0,
"મેં પાંખો સાથે કચુંબર, અને મીઠાઈ માટેનો થોડો આઈસ્ક્રીમ લીધો અને ખૂબ સંતોષની લાગણી છોડી દીધી",1,
મને ખરેખર ખાતરી નથી કે ફોનિક્સ મેગેઝિનના વાચકો દ્વારા જોયને વેલીમાં શ્રેષ્ઠ હોટ ડોગ તરીકે કેવી રીતે મત આપવામાં આવ્યો,0,
શુક્રવારે જીવંત સંગીત સંપૂર્ણપણે મારામારી,0,
મને ક્યારેય વધુ અપમાનિત કે અપમાનિત લાગ્યું નથી,0,
ખૂબ મૈત્રીપૂર્ણ સ્ટાફ,1,
તે ડ્રાઈવ વર્થ છે,1,
"મેં આ સ્થાન વિશે સારી વાતો સાંભળી હતી, પરંતુ તે દરેક આશા કરતાં વધી જાય છે જેનું મેં સપનું જોયું હતું",1,
ગરમ બીયર મદદ કરી ન હતી,0,
ગ્રેટ બ્રંચ સ્પોટ,1,
સેવા મૈત્રીપૂર્ણ અને આમંત્રિત છે,1,
ખૂબ જ સારી લંચ સ્પોટ,1,
હું 1979 થી અહીં રહું છું અને આ પ્રથમ (અને છેલ્લી) વખત જ્યારે મેં આ સ્થાન પર પગ મૂક્યો હતો,0,
અત્યાર સુધીનો સૌથી ખરાબ અનુભવ,0,
આ સ્થાન પર ઑફ નાઈટ હોવી જોઈએ,0,
"બાજુઓ સ્વાદિષ્ટ છે - મિશ્ર મશરૂમ્સ, યુકોન ગોલ્ડ પ્યુરી, સફેદ મકાઈ - બીટસ",1,
"જો તે ભૂલ ક્યારેય દેખાઈ ન હોત તો મેં ખાતરી માટે 4 આપ્યા હોત, પરંતુ દિવાલની બીજી બાજુ જ્યાં આ ભૂલ ચડતી હતી તે રસોડું હતું",0,
"લગભગ 10 મિનિટ માટે, અમે તેના કચુંબર માટે રાહ જોઈ રહ્યા છીએ જ્યારે અમને સમજાયું કે તે ટૂંક સમયમાં આવશે નહીં",0,
મારા મિત્રને સૅલ્મોન ટર્ટાર પસંદ હતું,1,
પાછા નહીં જાવ,0,
ભીનું અને સારું નથી,0,
જમૈકન મોજીટોસ સ્વાદિષ્ટ છે,1,
જે નાના હોય છે અને તેની કિંમત ન હોય,0,
ખોરાક સમૃદ્ધ છે તેથી તે મુજબ ઓર્ડર કરો,1,
"સારો કેસ, ઉત્તમ મૂલ્ય",1,
જડબાના હાડકા માટે સરસ,1,
માઈક મહાન છે,1,
યોગ્ય વોલ્યુમ મેળવવા માટે પ્લગને જમણી બાજુએ લાવવા માટે મારે તેને જિગલ કરવું પડશે,0,
"જો તમારી પાસે ઘણા ડઝન અથવા ઘણા સો સંપર્કો છે, તો પછી તેમાંથી દરેકને એક પછી એક મોકલવાની મજાની કલ્પના કરો",0,
કહેવાની જરૂર નથી કે મેં મારા પૈસા વેડફ્યા,0,
પૈસા અને સમયનો કેટલો બગાડ!,0,
અને અવાજ ગુણવત્તા મહાન છે,1,
અસલ બેટરીથી વિસ્તૃત બેટરી પર જતાં તે ખૂબ જ પ્રભાવિત થયો હતો,1,
"જો બંનેને માત્ર 5+ ફૂટથી અલગ કરવામાં આવ્યા હતા, તો મને હેડસેટમાંથી વધુ પડતો સ્થિર અને ગરબડ અવાજ જોવા લાગ્યો",0,
"ડિઝાઇન ખૂબ જ વિચિત્ર છે, કારણ કે કાનની ""ક્લિપ"" બિલકુલ આરામદાયક નથી",0,
બ્લુ ટૂથ ફોન ધરાવનાર કોઈપણ માટે ખૂબ ભલામણ કરો,1,
અત્યાર સુધી ખૂબ સારું!,1,
મહાન કામ કરે છે!,1,
તે સ્થાન પર એવી રીતે ક્લિક કરે છે જે તમને આશ્ચર્યમાં મૂકે છે કે તે મિકેનિઝમ કેટલો સમય ચાલશે,0,
"હું Motorola ની વેબસાઇટ પર ગયો અને તમામ દિશાઓનું પાલન કર્યું, પરંતુ તેને ફરીથી જોડી શકાયું નહીં",0,
જાહેરાતો સૌથી ભ્રામક છે,0,
મારે હજી આ નવી બેટરીને બે બારની નીચે ચલાવવાની બાકી છે અને તે ત્રણ દિવસ ચાર્જ કર્યા વિના છે,1,
મેં તે મારી માતા માટે ખરીદ્યું હતું અને તેણીને બેટરીમાં સમસ્યા હતી,0,
ગ્રેટ પોકેટ પીસી / ફોન સંયોજન,1,
મારી પાસે આ ફોન હવે 7 મહિનાથી છે અને હું કહી શકું છું કે મારી પાસે આ સૌથી શ્રેષ્ઠ મોબાઇલ ફોન છે,1,
મને નથી લાગતું કે આપેલી સૂચનાઓ મારા માટે મદદરૂપ હતી,0,
લોકો મારી વાત સાંભળી શકતા ન હતા અને મારે ઈયરફોન ખેંચીને ફોન પર વાત કરવી પડી હતી,0,
ચાર્જ રાખતો નથી,0,
"આ વાપરવા માટે એક સરળ નાનો ફોન છે, પરંતુ તૂટવાનું અસ્વીકાર્ય છે",0,
આ પ્રોડક્ટ મારા જેવા લોકો માટે આદર્શ છે જેમના કાન ખૂબ જ સંવેદનશીલ છે,1,
ફ્રીવે સ્પીડ પર ચાલતી કારમાં તે બિનઉપયોગી છે,0,
મારી પાસે આ કરારમાં વધુ બે વર્ષ બાકી છે અને હું આ ફોનને ધિક્કારું છું,0,
તે ખૂબ જ સારી રીતે જાળવી રાખ્યું છે,1,
નબળું ટોક ટાઈમ પ્રદર્શન,0,
નકામું ઉત્પાદન,0,
"તેમાં 2MPનો એક શાનદાર કેમેરો છે, અને ચિત્રો ઉત્તમ અને ઉત્તમ ચિત્ર ગુણવત્તા સાથે સ્પષ્ટ છે",1,
હું આ ઉત્પાદનથી પ્રભાવિત થયો ન હતો,0,
સરસ હેડસેટ યોગ્ય કિંમતે,1,
હું ફક્ત ઓડિયો માટે કચરો સાંભળું છું,0,
ઉત્તમ બ્લૂટૂથ હેડસેટ,1,
તેમના સાચા મગજમાં કોણ આ બેટરી ખરીદશે?,0,
ડ્રોપ કરેલા કૉલ્સ અંગે વેરિઝોન સાથે દલીલ કર્યા પછી અમે બે દિવસ પછી ફોન પરત કર્યા,0,
આ કેસ સારી રીતે બનેલો લાગે છે,1,
બેટરીથી નિરાશ,0,
પર્યાપ્ત મોટેથી નથી અને જોઈએ તે પ્રમાણે ચાલુ થતું નથી,0,
સારી સુરક્ષા અને ફોનને વધુ ભારે નથી બનાવતો,1,
ઉપયોગી કીબોર્ડ વાસ્તવમાં પીડીએને માત્ર સુઘડ ગેજેટને બદલે વાસ્તવિક દુનિયાના ઉપયોગી મશીનમાં ફેરવે છે,1,
આ ફોન ખૂબ જ મજબૂત છે અને મને તેની સાથે ક્યારેય કોઈ મોટી સમસ્યા આવી નથી,1,
ખૂબ નિરાશ,0,
હું 510 થી ખૂબ જ ખુશ છું અને મારા અવાજની ગુણવત્તા અંગે તેમના તરફથી કોઈ ફરિયાદ નથી,1,
ચાલુ અને બંધ માટેના બટન ખરાબ છે,0,
આવશ્યકપણે તમે Microsoft ના ટેક સપોર્ટને ભૂલી શકો છો,0,
"હું ખરેખર આ ફેસપ્લેટ્સની ભલામણ કરું છું કારણ કે તે ખૂબ જ સરસ, ભવ્ય અને ઠંડી લાગે છે",1,
આ હેડફોન્સ એક સરસ શોધ હતા - અને મને લાગે છે કે તે કદાચ છેલ્લા ઘણા વર્ષોમાં મેં કરેલી શ્રેષ્ઠ ખરીદી છે - ગંભીરતાથી,1,
એક અલગ ફોન ખરીદો - પરંતુ આ નહીં,0,
અન્ય પક્ષ તમને સ્પષ્ટ રીતે સાંભળી શકે તે માટે તમારે ફોનને ચોક્કસ ખૂણા પર પકડવો પડશે,0,
MP3 પ્લેયરની એક મોટી ખામી એ છે કે ફોનના ફ્રન્ટ કવર પરના બટનો જે તમને ગીતોને થોભાવવા અને છોડવા દે છે તે થોડી સેકન્ડો પછી લોક થઈ જાય છે,0,
"મેં તેને સક્રિય કર્યાના એક અઠવાડિયા પછી, તે અચાનક મૃત્યુ પામ્યો",0,
તે મોટાભાગના હેડસેટ્સ કરતાં વધુ આરામદાયક લાગે છે કારણ કે હું ચશ્મા પહેરું છું અને તે ક્યારેક માર્ગમાં આવે છે,1,
iPOD માટે પણ સરસ,1,
આ ઉપકરણ ઘણી પરિસ્થિતિઓમાં શ્રેષ્ઠ છે,1,
માઈક કામ કરતું નથી,0,
"મારી BMW 3 શ્રેણીમાં પણ જે એકદમ શાંત છે, મને બીજી વ્યક્તિ શું કહી રહી છે તે સાંભળવામાં તકલીફ થાય છે",0,
ઘર અથવા કામ માટે સરસ ડોકિંગ સ્ટેશન,1,
આ એક સુંદર ફોન છે,1,
આ ઉત્પાદન પ્રેમ,1,
આ એક મહાન નાની વસ્તુ છે,1,
"મને આ ફોન ગમે છે, તે ખૂબ જ સરળ છે અને તેમાં ઘણી બધી સુવિધાઓ છે",1,
હું તેને રોજ પહેરું છું અને તે ખૂબ જ સારી રીતે પકડી રાખે છે,1,
સારો સોદો નથી,0,
"સારી રીતે પેકેજ્ડ, સમયસર પહોંચ્યું, અને હેતુ મુજબ કાર્ય કરે છે",1,
બેટરી ઝડપથી નીચે ચાલે છે,0,
"આ આઇટમ મહાન કામ કર્યું, પરંતુ તે 6 મહિનાના ઉપયોગ પછી તૂટી ગયું",0,
હેડસેટ્સ વાપરવા માટે સરળ છે અને દરેક જણ તેને પસંદ કરે છે,1,
આ ફોન સરસ કામ કરે છે,1,
હેડસેટ્સનું બાંધકામ નબળું છે,0,
"એક પ્રોડક્ટ માટે જેની કિંમત આના જેટલી થાય છે, હું અપેક્ષા રાખું છું કે તે આ વસ્તુ કરતા વધુ સારી અને વધુ સરળતા સાથે કામ કરશે",0,
ખૂબ જ મજબૂત બનાવ્યું,1,
મહાન કામ કર્યું!,1,
કાનની કળીઓ ફક્ત એક કાનમાં સંગીત વગાડે છે,0,
જો તમે આનો કારમાં ઉપયોગ કરવાનું વિચારી રહ્યા છો તો તેને ભૂલી જાવ,0,
મને આ ઉત્પાદન ખૂબ મોટું લાગ્યું,0,
હું મારા નિર્ણયથી ખૂબ જ નિરાશ છું,0,
Motorola RAZR ફોન સાથે એકીકૃત રીતે સંકલિત,1,
"ખરીદનાર સાવચેત રહો, તમે શૌચાલયની નીચે જ પૈસા ફ્લશ કરી શકો છો",0,
ચોક્કસપણે સોદો,1,
કિંમત ખૂબ જ સારી હતી અને મફત શિપિંગ સાથે અને તે બધી સારી ખરીદી હતી,1,
મને મારું માનવામાં આવેલું નવું મોટોરોલા 375 પ્રાપ્ત થયું અને દેખીતી રીતે ફોન અને ચાર્જર વચ્ચે કોઈ મેળ ન હતો,0,
"ગુણ:-સારા કૅમેરા - ખૂબ જ સરસ ચિત્રો, કાળા અને સફેદ અને વધુ જેવી શાનદાર શૈલીઓ પણ ધરાવે છે",1,
"તે એક વિશાળ ડિઝાઇન ખામી છે (જ્યાં સુધી હું તેનો યોગ્ય રીતે ઉપયોગ કરી રહ્યો નથી, જે મને નથી લાગતું કે તે કેસ છે)",0,
મેં આ કાર ચાર્જર માટે ખરીદ્યું છે અને તે કામ કરતું નથી,0,
"બંને છેડે અવાજની ગુણવત્તા ઉત્તમ છે, હું મારી પત્નીને કૉલ કરવા માટે હેડસેટનો ઉપયોગ કરું છું અને મારી પત્નીને મને કૉલ કરવા માટે હેડસેટનો ઉપયોગ કરવા કહું છું !2",1,
આ ફોન સ્લિમ અને લાઇટ છે અને ડિસ્પ્લે સુંદર છે,1,
તે થોડું ગીકી છે પરંતુ મને લાગે છે કે ટોસ્ટ પર તેનું સેક્સ છે અને તે તેની બેટરી એમ્બેડેડ આકર્ષક સ્ટાઇલિશ ચામડાના કેસમાં સેક્સને રોકે છે અને oozes કરે છે,1,
"મહાન ઉત્પાદન, ઝડપી શિપિંગ!",1,
એકદમ મહાન,1,
કીબોર્ડ એ સંપૂર્ણ QWERTY અને મૂળભૂત સેલ ફોન નંબર કીપેડ વચ્ચે એક સરસ સમાધાન છે,1,
તે કાન પર ખૂબ આરામદાયક છે,1,
તે અમારા માટે વિજેતા રહ્યો છે,1,
)સેટઅપ સરળ ન હોઈ શકે,1,
મેં મારા સેલ ફોન માટે અનેક અલગ-અલગ ઇયરપીસ અજમાવી છે અને આ જબરા એ પહેલું છે જે મારા કાનને આરામથી બંધબેસે છે,1,
પર્યાપ્ત મજબૂત સિગ્નલ મેળવી શક્યા નથી,0,
હું મારી ખરીદીથી ખૂબ જ ખુશ છું,1,
ખરાબ ગુણવત્તા,0,
કામ પતાવી દે,1,
મહાન ઓડિયો!,1,
મૂળભૂત રીતે સેવા ખૂબ જ ખરાબ હતી,0,
"તે મારા સેલ ફોન પ્લગમાં કામ કરતું નથી, હું ચાર્જર સાથે ખૂબ જ સેટ છું!",0,
"મારી પાસે ફક્ત થોડા અઠવાડિયા માટે મારું બ્લૂટૂથ છે, પરંતુ મને તે ખરેખર ગમે છે",1,
બીટી હેડસેટ આવી નિરાશાજનક હતી,0,
તે ખૂબ નાનું છે અને તમને ખ્યાલ પણ નથી આવતો કે થોડા સમય પછી તેની આદત પડી જાય છે,1,
સાથે આપવામાં આવેલ સોફ્ટવેર લગભગ તેજસ્વી છે,1,
હેડસેટ સરસ કામ કરે છે અને કોઈપણ નુકસાનને ટાળવા માટે સરસ રીતે પેક કરવામાં આવ્યું હતું,1,
મોટાભાગના Logitech ઇયરબડ હેડસેટ નિષ્ફળ ગયા,0,
કિંમત માટે ખૂબ સારી સામગ્રી,1,
મારું હેડસેટ માત્ર આતુરતાથી કામ કરે છે,1,
મારા ઘરમાં હું ઉપરના માળે કવરેજ છોડી રહ્યો હતો અને મારા ભોંયરામાં કોઈ કવરેજ નથી,0,
કેવો બગાડ,0,
"વિવિધ 2 મિનિટના કૉલ્સ દરમિયાન, મેં 5 ટીપાંનો અનુભવ કર્યો અને તે એવા વિસ્તારમાં હતો કે જ્યાં 5 બાર હતા",0,
ખૂબ નિરાશ,0,
ફોન શાબ્દિક રીતે 2 થી 5 કલાક જેવો ચાર્જ થવામાં કાયમ લે છે,0,
મને આ ફોન એક સંબંધીની ભલામણ પર મળ્યો અને મને આનંદ છે કે મેં તે કર્યો,1,
તેનું સ્વાગત ખૂબ જ નબળું છે,0,
વર્ણનમાંથી સમાવવામાં આવેલ આઇટમ્સ શામેલ નથી,0,
"3 મહિના પછી, સ્ક્રીન અચાનક કાળી થઈ ગઈ",0,
હું વધુ માટે આશા હતી,0,
"ઓડિયો ગુણવત્તા નબળી છે, ખૂબ નબળી છે",0,
મેં $5 વાયરવાળા હેડફોન ખરીદ્યા છે જે આના કરતાં વધુ સારા લાગે છે,0,
આ ફોન કોઈપણ પ્રકારના સંદેશાઓ મોકલવા સાથે ખૂબ જ ઝડપી છે અને મેં ઉપયોગમાં લીધેલા અગાઉના ફોન કરતાં વેબ બ્રાઉઝિંગ નોંધપાત્ર રીતે ઝડપી છે,1,
"સરસ ગુણવત્તાયુક્ત બિલ્ડ, કેટલાક સસ્તા એસ***થી વિપરીત",1,
W810i માત્ર સુપર્બ છે,1,
મહાન ચાર્જર,1,
આ આવશ્યકપણે એક સંચાર સાધન છે જે વાતચીત કરતું નથી,0,
વશીકરણની જેમ કામ કરે છે; તે મને ફોન સાથે મેળવેલ એકની જેમ જ કામ કરે છે,1,
"હું હજી પણ માનું છું કે વાંદરાઓએ હેડફોન બનાવવું જોઈએ નહીં, અમે દેખીતી રીતે જ ડિઝાઇનની નકલ મનુષ્યો પર કરવા માટે પૂરતા ડીએનએ શેર કરતા નથી",0,
મહાન મૂલ્ય,1,
"તેનો દેખાવ ખૂબ જ શાર્પ છે અને સ્ક્રીન સરસ અને સ્પષ્ટ છે, જેમાં શાનદાર ગ્રાફિક્સ છે",1,
લાંબો સમય ચાલતો નથી,0,
એક વસ્તુ જે મને નફરત છે તે બાજુ પર સ્થિત મોડ સેટ બટન છે,0,
ઉત્તમ સેવા!!!!!!!!,1,
મારા પૈસા વેડફવા બદલ આભાર,0,
તે કેવી રીતે હોઈ શકે?ઓડિયો ગુણવત્તા નબળી છે,0,
iGo ચાર્જર્સ અને ટીપ્સ ખરેખર મહાન છે,1,
એક મહાન નેટવર્ક પર શાનદાર ફોન,1,
"મેં મારી પત્નીનું બ્લૂટૂથ,(મોટોરોલા HS850) મારા ફોન સાથે કનેક્ટ કર્યું અને ફોન મારા ખિસ્સામાં હોય કે કેસમાં હોય તે એક વશીકરણ જેવું કામ કરે છે",1,
તે ફક્ત ફોનને તેના સ્ટોરેજ ઉપકરણ તરીકે ઓળખે છે,0,
આ ઉત્પાદન ખરીદશો નહીં,0,
મારી પાસે આ બ્લૂટૂથ હેડસેટ છેલ્લા કેટલાક સમયથી છે અને હજુ પણ તે કાન પર જે રીતે બંધબેસે છે તેનાથી આરામદાયક નથી,0,
ધ્વનિ ગુણવત્તા સારી છે અને કાર્યક્ષમતા અદ્ભુત છે,1,
"મારી પાસે આ ફોન છે અને તે મારી બાજુમાં કાંટો છે, હું ખરેખર તેને ધિક્કારું છું",0,
મને તાજેતરમાં એવી સમસ્યાઓ આવી હતી જ્યાં હું ડિસ્કનેક્ટ થયા પહેલા 10 મિનિટથી વધુ સમય સુધી કનેક્ટેડ રહી શકતો ન હતો,0,
ઈનક્રેડિબલ!,1,
ડિઝાઇન ખામી?,0,
મહાન ફોન!,1,
13 રૂપિયાનો બગાડ,0,
"પરંતુ જ્યારે હું રાત્રે વૉઇસ મેઇલ તપાસું છું, ત્યારે કીપેડની બેકલાઇટ થોડી સેકન્ડોમાં પ્રથમ સંદેશમાં બંધ થઈ જાય છે અને પછી હું ખોવાઈ ગયો છું",0,
રિપ્લેસમેન્ટ થોડા અઠવાડિયામાં મૃત્યુ પામ્યા,0,
તાજેતરમાં તેઓ ફોન પર ખૂબ જ સરસ અને મદદરૂપ રહ્યા છે,1,
મને હિટ ડ્રોપિંગ સિગ્નલ અને વધુની સમસ્યા આવી છે,0,
પ્રભાવિત નથી,0,
"હળવા વજન, હું ભાગ્યે જ નોંધ્યું કે તે ત્યાં છે",1,
તમને ગમશે કે તે કેટલું પાતળું છે,1,
ખરાબ પસંદગી,0,
પ્લેધર કેસ બંધબેસતો નથી,0,
"નકામો ફોન, ખાલી બહેરો",0,
"રંગ મેં વિચાર્યું તે કરતાં પણ સુંદર છે, અને ગ્રાફિક્સ અતિ તીક્ષ્ણ છે",1,
એકંદરે મને લાગે છે કે તે એક સારું રોકાણ હતું,1,
કૉલ સમાપ્ત થાય તે પહેલાં તે ખૂબ જ વિચિત્ર ટિકીંગ અવાજો કરે છે,0,
ઉપલબ્ધ એફએમ ટ્રાન્સમિટર્સના શ્રેષ્ઠ ઇલેક્ટ્રોનિક્સ,1,
બેટરી માત્ર થોડા કલાકો જ ચાલે છે,0,
"મહાન હેડસેટ, ખૂબ પ્રભાવિત - H500",1,
મારી પાસે આ લગભગ 2 વર્ષથી છે અને તે મારા માટે સરસ કામ કર્યું છે,1,
સારું ટ્રાન્સમિટ ઑડિઓ,1,
અમે તેને પરત મોકલી રહ્યા છીએ,0,
મેં થોડા ડોલરના ઉત્પાદન માટે કંપનીનો સંપર્ક કરવાની તસ્દી લીધી ન હતી પરંતુ મેં પાઠ શીખ્યો કે મારે આ ફોર્મ કોઈપણ રીતે ઓનલાઈન ખરીદવું ન જોઈએ,0,
"જો તમે ઇયરબગ્સને નફરત કરો છો, તો આ ફોનને કોઈપણ રીતે ટાળો",0,
"રેન્જ ખૂબ જ યોગ્ય છે, હું કોઈ રિસેપ્શન/સાઉન્ડ ક્વોલિટી સમસ્યાઓ વિના લિવિંગ રૂમમાં ફોન સાથે મારા ઘરની આસપાસ ફરવા સક્ષમ છું",1,
ઝડપી સેવા,1,
હું આની ખૂબ ભલામણ કરીશ,1,
હું આ ભલામણ કરીશ,1,
"મને ""ચાલુ"" બટન પણ ગમ્યું ન હતું, એવું લાગ્યું કે તે ઉપયોગથી ક્રેક થઈ જશે",0,
અત્યાર સુધીનો સૌથી ખરાબ ફોન,0,
હું હજી પણ આ ફોનથી પ્રભાવિત છું,1,
વારંવાર થીજી જાય છે4,0,
તે કેવી દેખાય છે તેના કારણે તેનો ઉપયોગ કરવો શરમજનક છે અને મોટાભાગે તે કંપની કેવી બાળક જેવી છે તે શરમજનક છે,0,
"સરળ, હલકો અને મહાન ફિટ",1,
"એકંદરે, મને મોટોરોલા પાસેથી વધુ સારા ગ્રાહક અનુભવની અપેક્ષા હતી",0,
મારા બધા કોલ્સ પર બેકગ્રાઉન્ડમાં એક ભયાનક ટિક અવાજ છે જે મેં પહેલાં ક્યારેય અનુભવ્યો નથી,0,
આ ચોક્કસપણે ખૂબ જ આરામદાયક છે અને કાર્યક્ષમતા યોગ્ય છે,1,
મને સામાન્ય રીતે હેડબેન્ડ ગમતું નથી પરંતુ આ ખૂબ જ હળવા છે અને મારા વાળને ગડબડ કરતું નથી,1,
હું થોડી નિરાશ છું,0,
"મારી પાસે આ ફોન છેલ્લા એક વર્ષથી વધુ સમયથી છે, અને હું તમને કહીશ, તે એટલું સરસ નથી",0,
મેં સોની એરિક્સન W810i માટે આનો ઓર્ડર આપ્યો હતો પરંતુ મને લાગે છે કે તે માત્ર એક જ વાર કામ કરે છે (તે જ્યારે મેં તેનો પ્રથમ ઉપયોગ કર્યો હતો),0,
બેટરી મારા માટે સંપૂર્ણપણે નકામી છે,0,
સમયનો કેટલો મોટો બગાડ,0,
આના પર તમારું $$$ બગાડો નહીં,0,
મહાન અવાજ અને સેવા,1,
અત્યાર સુધી આ ઉત્પાદનથી ખરેખર ખુશ,1,
મારી મનપસંદ ખરીદીઓમાંની એક,1,
બજારમાં શ્રેષ્ઠ બ્લૂટૂથ,1,
હું આ હેડસેટ મેળવવા માટે ખૂબ જ ઉત્સાહિત હતો કારણ કે મને લાગ્યું કે તે ખરેખર સુંદર છે,1,
મારા જેવી ભૂલ ન કરો,0,
કૅલેન્ડર સમન્વયન સાથે મોટી નિરાશા,0,
ફોન બિનઉપયોગી હતો અને નવો નહોતો,0,
અત્યાર સુધીની સૌથી ખરાબ ગ્રાહક સેવા,0,
"કોઈ વધારાના કાનના જેલ આપવામાં આવ્યા નથી, અને કોઈપણ સૂચનાઓ નથી",0,
તે બ્લૂટૂથ હેડસેટના હેતુને હરાવે છે,0,
દરેક પૈસો વર્થ,1,
ઉત્તમ વૉલેટ પ્રકાર ફોન કેસ,1,
ઈન્ટરનેટ અત્યંત ધીમું છે,0,
"તે પહેરવામાં પણ ખૂબ જ આરામદાયક છે, જે કદાચ કેસનો ઉપયોગ કરવા વિશેનું સૌથી મહત્વપૂર્ણ પાસું છે",1,
"તે ગ્લોવની જેમ ફિટ છે અને મજબૂત, સુરક્ષિત અને ટકાઉ છે",1,
હે ભગવાન મારી પાસે અત્યાર સુધીનો શ્રેષ્ઠ ફોન છે,1,
તે ખૂબ જ આકર્ષક છે અને સારી ગુણવત્તાની હોવાનું જણાય છે,1,
મને બધી સુવિધાઓ અને ફોર્મ ફેક્ટર ગમે છે,1,
નબળી ગુણવત્તા અને સેવા,0,
"કેબલ ખૂબ પાતળી અને મામૂલી લાગે છે, તે ડરામણી છે",0,
મહાન ઇયરપીસ,1,
ઉત્તમ હાથ મુક્ત સાધન,1,
તમારા હોમ સ્ટીરિયો સાથે ઉપયોગ કરવા માટે સરસ,1,
સારું ઉત્પાદન - અવિશ્વસનીય મૂલ્ય,1,
આને માત્ર એક મહિનો હતો પરંતુ તે અત્યાર સુધી દોષરહિત રીતે કામ કરે છે,1,
મહાન કામ કરે છે,1,
સંપૂર્ણ જંક,0,
તે પણ કામ ન કર્યું,0,
બેટરી જીવન ખરેખર સારું છે,1,
8 કલાક પછી પરત ફર્યા,0,
તે એક મહાન વસ્તુ છે,1,
તમારા પૈસા બગાડો નહીં!,0,
"તે તમારા પ્લેયરને ડ્રેઇન કરશે એટલું જ નહીં, પણ સંભવિત રીતે તેને ફ્રાય પણ કરી શકે છે",0,
અવિશ્વસનીય - હું આપી રહ્યો છું,0,
મેં તેને ધ્વનિ ગુણવત્તાને કારણે 5 સ્ટાર આપ્યા છે,1,
જો તમે કરી શકો તો આને ટાળો,0,
ઉલટાવી શકાય તેવું પ્લગ સરસ કામ કરે છે,1,
મેં આ ઈયરપીસ વડે મારા થોડા પૈસા વેડફ્યા,0,
ખૂબ જ સારો ફોન,1,
"સર્વશ્રેષ્ઠ એ ફરતી સુવિધા છે, ખૂબ મદદરૂપ",1,
અમારા સમગ્ર પરિવાર માટે આરામ,1,
"સારું ઉત્પાદન, સારો વિક્રેતા",1,
"સૌ પ્રથમ, તે સારી રીતે પહેરતું નથી",0,
હું પ્લાન્ટ્રોનિક્સના આ હેડસેટથી ખૂબ જ પ્રભાવિત છું,1,
મને તે મળ્યું કારણ કે તે ખૂબ નાનું અને આરાધ્ય હતું,1,
મહાન ફોન!,1,
હું આ ઉત્પાદન ખરીદવાની ભલામણ કરીશ નહીં,0,
જંકનો ટુકડો,0,
ખરાબ રીતે મિજાગરું બાંધવું,0,
મહાન ફોન,1,
તેને ખરીદશો નહીં,0,
ઉત્તમ ફોન,1,
આ ફોન ખરીદશો નહીં,0,
હેન્ડસેટ દ્વારા અવાજની ઓળખ ઉત્તમ છે,1,
આ મારી પાસે અત્યાર સુધીનો શ્રેષ્ઠ ફોન છે,1,
"સરસ કામ કરે છે, જ્યારે મારી બિલાડીએ ફોન પર હુમલો કર્યો ત્યારે તેણે સ્ક્રીનને નષ્ટ કરવાને બદલે રક્ષણાત્મક પટ્ટીને ખંજવાળી",1,
આ એક કામ કરે છે અને તેની કિંમત યોગ્ય હતી,1,
ગ્રાહક સેવા ભયંકર હતી,0,
Motorola Razor V3i માં બેટરી લાઇફ હજુ પણ પૂરતી નથી,0,
તેને પાછું મોકલી રહ્યું છે,0,
હવે હું જાણું છું કે મેં એક સમજદાર નિર્ણય લીધો હતો,1,
કોઈએ વહેલા આની શોધ કરી લેવી જોઈએ,1,
સારી કિંમત,1,
મહાન કામ કરી રહી છે,1,
"જેમ કે ઘણા લોકોએ ફરિયાદ કરી, મને લાગ્યું કે આ હેડસેટનો માઇક્રોફોન ખૂબ જ નબળો છે",0,
Tracfone તરફથી મારું 5 વર્ષ જૂનું Nokia 2160 આના કરતાં ઘણું સારું ચાર્જ ધરાવે છે,0,
તેઓ ઉપભોક્તા વિશે થોડી કાળજી લેતા નથી,0,
"આ એક સારી બેટરી છે, અને તે અહીં ખરેખર ઝડપથી મળી",1,
સૂચના માર્ગદર્શિકાનો અભાવ છે,0,
તે કેસને દૂર કર્યા વિના મારા એલાર્મ ક્લોક ડોકિંગ સ્ટેશનમાં ફિટ થવા માટે પૂરતો નાજુક છે,1,
ફોન હવે ચાર્જ ધરાવે છે જેવો તે જ્યારે નવો હતો,1,
બેટરી અવિશ્વસનીય છે તેમજ સેવા એન્ટેનાનો ઉપયોગ કરે છે,0,
તે અસ્વસ્થતાજનક છે અને ફોન (Razr) અથવા મારા અગાઉના વાયરવાળા હેડસેટ (જે એલજીમાં પ્લગ થયેલ છે) ની તુલનામાં અવાજની ગુણવત્તા એકદમ નબળી છે,0,
અમે તેના પર ઘણી પ્રશંસા મેળવી છે,1,
જો તમારું રાજ્ય ડ્રાઇવિંગ કરતી વખતે સેલ ફોનનો ઉપયોગ કરવાની મંજૂરી આપતું નથી તો આ ચોક્કસપણે હોવું આવશ્યક છે,1,
મારે મારા પૈસા પાછા જોઈએ છે,0,
મને આ ઉપકરણ ગમે છે,1,
હું પણ કિંમતથી ખૂબ ખુશ છું,1,
Ngage માં હજુ પણ ઇયરબડ્સનો અભાવ છે,0,
હું કોઈ સમસ્યા વિના કારમાં વૉઇસ ડાયલિંગ કરવા સક્ષમ હતો,1,
"જ્યારે હું ઘરે હોઉં ત્યારે મારી પાસે મારા સેલ ફોન પર 2-3 બાર હોય છે, પરંતુ તમે કંઈપણ સાંભળી શકતા નથી",0,
"સારી વસ્તુ, ઓછી કિંમત",1,
જો કે-રિંગટોન શ્રેષ્ઠ નથી અને રમતો પણ નથી,0,
પ્લગ ખૂબ સારી રીતે કામ કરતું ન હતું,0,
ખૂબ આરામદાયક,1,
2 વર્ષ પહેલાં ફોન સાથે આવેલા ઓરિજિનલના રિપ્લેસમેન્ટ તરીકે બેટરી સારી રીતે કામ કરી રહી છે,1,
"તે બંને કાનમાં આરામથી ફિટ થઈ જાય છે, અવાજ સ્પષ્ટ અને મોટો હોય છે અને ચાર્જ થોડા દિવસો સુધી ચાલે છે",1,
"ખૂબ જ સ્પષ્ટ, ગુણવત્તાયુક્ત અવાજ અને તમારે તમારા iPod પરના અવાજ સાથે ગડબડ કરવાની જરૂર નથી કારણ કે તમારી પાસે હેડસેટ પર સાઉન્ડ બટનો છે",1,
દેખીતી રીતે એડહેસિવ સાથે સમસ્યા છે,0,
ખૂબ જ નિરાશાજનક,0,
"તે એક સસ્તો ભાગ હતો, પરંતુ મને હજુ પણ સારી ગુણવત્તાની અપેક્ષા હશે",0,
તે વ્યવહારીક રીતે નકામું છે અને મેં તેને ખરીદ્યા પછી મારા સ્વાગતમાં કોઈપણ પ્રકારનું પ્રોત્સાહન ઉમેર્યું નથી,0,
ઉત્તમ અવાજ ગુણવત્તા,1,
ફોનમાં નવી બેટરી સારી રીતે કામ કરે છે,1,
સૌથી ખરાબ ગ્રાહક સેવા,0,
"હું કહી શકું તેના કરતાં વધુ વખત મેં મારો ફોન મૂક્યો છે, કોંક્રિટ પર પણ અને મારો ફોન હજી પણ સરસ છે (લાકડા પર કઠણ!)",1,
સ્વાગત ભયંકર અને સ્થિરથી ભરેલું છે,0,
સારી ઓડિયો ગુણવત્તા,1,
આ નાનકડા ઉપકરણે મારી સંસ્થાકીય ક્ષમતાને બદલી નાખી છે અને મારું જીવન ઘણું સરળ બનાવ્યું છે,1,
"હું મારા વાહનમાં બેઠો હતો, મારા બેલ્ટ પર પારણું હતું, અને હેડસેટ સિગ્નલ ગુમાવ્યો હતો",0,
ફોન પર JERKS હતા,0,
"આરામદાયક, સરસ શ્રેણી, સારી બેટરી જીવન",1,
લોસ એન્જલસમાં તેમનું નેટવર્ક કવરેજ ભયાનક છે,0,
ઉત્તમ સ્ટાર્ટર વાયરલેસ હેડસેટ,0,
"લાઉડસ્પીકર વિકલ્પ મહાન છે, લાઇટ સાથેના બમ્પર્સ ખૂબ જ આકર્ષક છે",0,
માત્ર એક જ વસ્તુ જે મને લાગે છે કે હેડસેટમાંથી અવાજ બહાર નીકળી શકે છે તે સુધારી શકે છે,0,
"પ્રથમ સ્વાગત બંધ, હું ક્યારેય કરતાં વધુ હતી 2 બાર, ક્યારેય",0,
"માઇક્રોફોન પણ સારી રીતે કામ કરે છે, પરંતુ (જે લોકોને મેં બોલાવ્યા છે તે મુજબ) તે બધું જ લાગુ કરે છે",1,
સરસ ડિઝાઇન અને ગુણવત્તા,1,
"ઉપરાંત, જો તમારો ફોન ડ્રોપ થઈ જાય, તો આ કેસ તેને સાચવશે નહીં, ખાસ કરીને જ્યારે ચહેરો નીચે પડી જાય",0,
"તે હળવા, ઉપયોગમાં સરળ છે, અને ખૂબ જ સ્પષ્ટ સ્વાગત અને ટ્રાન્સમિશન ધરાવે છે",1,
"ખરાબ ફિટ, ખૂબ મોટી",0,
તે ચોક્કસપણે મારા S11 જેટલું સારું નહોતું,1,
અદ્ભુત ઉપકરણ,1,
નાણાં નો વ્યય,0,
"મેં મોટોરોલા ડેટા કેબલનો ઓર્ડર આપ્યો હતો, ખૂબ જ સારી રીતે તૈયાર અને કાર્યકારી ઉત્પાદન મેળવ્યું હતું",1,
આ ફોનને પ્રેમ કરો,1,
હું આ હેડસેટને લાંબા સમયથી શોધી રહ્યો હતો અને હવે જ્યારે મને તે મળી ગયું છે ત્યારે હું ખુશ રહી શકતો નથી,1,
"હું સાથે ડ્રાઇવિંગ કરીશ, અને મારો હેડસેટ કોઈ કારણ વગર વાગવા લાગે છે",0,
ડિસ્પ્લે ઉત્તમ છે અને કેમેરો તે વર્ષ જેટલો સારો છે,1,
આ ખૂબ શરમજનક છે અને જો હું મારા કાનમાં ઇયર પ્લગ નાખવાનો પ્રયત્ન કરું તો મારા કાન પણ દુખે છે,0,
ફોનને બધી બાજુથી સુરક્ષિત કરે છે,1,
આ ખરાબ બેટરી જીવન સાથેનો ખૂબ જ સરેરાશ ફોન છે જે નબળા નેટવર્ક પર ચાલે છે,0,
"સ્કાયપે કોલ્સ સાફ કરો, લાંબી બેટરી લાઇફ, લાંબી રેન્જ",1,
સોયો ટેક્નોલોજી અધૂરી છે,0,
ગ્રેટ હેન્ડ્સ ફ્રી ડિવાઇસ,1,
"તમે બહારના (બાહ્ય) ડિસ્પ્લે સાથે સેલ્ફ પોટ્રેટ પણ લઈ શકો છો, ખૂબ જ સરસ",1,
અન્યોએ ઉલ્લેખ કર્યો છે તે જ સમસ્યા,0,
ઘણા બધા હેન્ડ્સફ્રી ગેજેટ્સ અજમાવ્યા પછી આ તે છે જે આખરે સારી રીતે કામ કરે છે,1,
જાદુઈ મદદ,1,
વેરાઇઝન ગ્રાહક સેવા સાથે અત્યાર સુધીનો સૌથી ખરાબ ભાગ,0,
નબળી અવાજ ગુણવત્તા,0,
બજારમાં શ્રેષ્ઠ ફોન :),1,
તે ખૂબ જ સારી રીતે કામ કર્યું,1,
કંપનીએ મારું ઉત્પાદન ખૂબ જ ઝડપથી મોકલ્યું અને તે સારી રીતે કાર્ય કરે છે,1,
હું જે ઇચ્છતો હતો તે બરાબર,1,
પિક્ચર રિઝોલ્યુશન અન્ય તુલનાત્મક-કિંમતવાળા ફોન્સ જે આજે ઓફર કરે છે તેનાથી ઘણું ઓછું છે,0,
આ એક મહાન સોદો છે,1,
"ઉત્તમ ઉત્પાદન, હું ખરીદીથી ખૂબ સંતુષ્ટ છું",1,
હું આની ખૂબ ભલામણ કરું છું અને લોકોને તેમને અજમાવવા માટે પ્રોત્સાહિત કરું છું,1,
તમે અપેક્ષા કરશો કરતાં વધુ સારી,1,
"ડાબી કે જમણી બધી ઇયરપીસ વાપરવાથી, આ વસ્તુ મારા કાન પર રહેશે નહીં",0,
મહાન ઉત્પાદન અને કિંમત,1,
ખૂબ જ ઝડપી સેવા,1,
કિંમત માટે ઉત્તમ ઉત્પાદન,1,
આ હેડસેટથી ખૂબ જ ખુશ,1,
તમારા પૈસા અને સમય બગાડો નહીં,0,
મને ખાસ કરીને લાંબી બેટરી લાઈફ ગમે છે,1,
"દર વખતે નવો ફોન આવે ત્યારે નવા ચાર્જર, કાર ચાર્જર, ક્રેડલ્સ, હેડફોન અને કાર કીટ ખરીદતા રહેવું એ એટલું મૂર્ખ છે",0,
મહાન કામ કરે છે,1,
પ્લાન્ટ્રોનિક્સ બ્લૂટૂથ ઉત્તમ ખરીદો,1,
હું નવી ઇયરપીસ શોધીશ,0,
એક વર્ષ પછી મારા હેડસેટ પર બેટરી સંપૂર્ણપણે મરી ગઈ,0,
"મેં બે વર્ષમાં ઘણા ફોનનો ઉપયોગ કર્યો છે, પરંતુ આ એક શ્રેષ્ઠ છે",1,
પાનખર 2000 માટે એક અદ્ભુત નવો દેખાવ!,1,
મારી પાસે આ પહેલો ફોન છે જે આટલા સસ્તામાં બનાવવામાં આવ્યો છે,0,
"Att સ્પષ્ટ નથી, અવાજ ખૂબ જ વિકૃત છે અને જ્યારે તમે વાત કરો છો ત્યારે તમારે બૂમ પાડવી પડશે",0,
આ ક્લિપ પર પ્લાસ્ટિક ખરેખર સરળતાથી તૂટી જાય છે,0,
કિંમત પણ સારી છે,1,
મેં જે ભૂલ કરી છે તે જ ભૂલ કરશો નહીં,0,
સમયસર શિપમેન્ટ અને ગુણવત્તાયુક્ત ઉત્પાદન,1,
સરસ નક્કર કીબોર્ડ,1,
ખૂબ જ સારી રીતે બનાવેલ છે અને મારા સ્યોરફાયર GX2 ને સંપૂર્ણ રીતે બંધબેસે છે,1,
ભયાનક ફોન,0,
BT50 બેટરી જંક!,0,
અમે અન્ય લોકોને આની ભલામણ કરીશું,1,
મારા કમ્પ્યુટર સાથે કામ કરવા માટે સોફ્ટવેર મેળવી શકાતું નથી,0,
નિરાશ!,0,
નબળી અવાજ સ્પષ્ટતા,0,
AccessoryOne માં ખૂબ નિરાશ,0,
મને આ અક્ષમ્ય લાગે છે અને તેથી કદાચ આ ફોન પરત કરવામાં આવશે અને કદાચ કેરિયર્સ બદલાશે,0,
સરસ લાગે છે અને મજબૂત છે,1,
"મારી પાસે હવે 2 કે 3 વર્ષથી TMmobile સેવા છે, અને હું તેનાથી ખૂબ જ ખુશ છું",1,
અપડેટ પ્રક્રિયા મુશ્કેલ અને બોજારૂપ છે,0,
Motorolas માટે મહાન સોફ્ટવેર,1,
ડિલિવરી સમયસર હતી,1,
વાપરવા માટે ખૂબ જ સરળ,1,
"કાનમાં અસ્વસ્થતા, LG VX9900 (EnV) સાથે ઉપયોગ કરશો નહીં",0,
વોલ્યુમ સ્વીચ એકમમાંથી અજ્ઞાત ગંતવ્ય પર રોકેટ થયું,0,
"તે લાંબા સમય સુધી ચાર્જ ધરાવે છે, લાંબા સમય સુધી પહેરવાની સ્થિતિમાં વ્યાજબી રીતે આરામદાયક છે અને અવાજની ગુણવત્તા જબરદસ્ત છે",1,
હું તેને પરત કરવા માંગુ છું,0,
કીબોર્ડ ખરેખર ઉપયોગીતામાં યોગ્ય છે અને એટલું મજબૂત છે કે મને કોઈ સમસ્યાની અપેક્ષા નથી,1,
"વેરિઝોનના બિલો, જોકે, તેમની કિંમતની યોજનાઓ સરળ હોવા છતાં સમજવી મુશ્કેલ છે",0,
"રાતોરાત ચાર્જ કર્યા પછી, આ બેટરીઓ સરસ કામ કરે છે",1,
હું આ ફોન પ્રેમ!,1,
એક નિરાશા,0,
તે વપરાશકર્તા મૈત્રીપૂર્ણ નથી,0,
કમનસીબે તમે કૉલ પ્રાપ્ત કરી રહ્યાં છો તે ખરેખર જાણવાની ક્ષમતા એ એક મહત્વપૂર્ણ સુવિધા છે અને આ ફોન તે સંદર્ભમાં દયનીય છે,0,
"પછી મેં એ જ ફોનની આપલે કરી, તેમાં પણ એ જ સમસ્યા હતી",0,
આના પરિણામે ફોન કાં તો મહત્તમ વોલ્યુમ પર અટકી જાય છે અથવા મ્યૂટ થાય છે,0,
આ પીડીએ ખડકો,1,
નાના હાઇબ્રિડ પામટોપ/કેમેરા/સેલફોન તરીકે ઉપયોગ કરવા માટે તે સુપર ચાર્જ થયેલ છે અને તે ભૂમિકાઓમાં શ્રેષ્ઠ છે,1,
મારી પાસે 2 વર્ષ પહેલા વેરાઇઝન હતું અને મને તેમની સેવા ખરેખર ગમતી હતી,1,
જંકનો સુંદર ભાગ,0,
પ્લગનું કદ ખોટું હતું,0,
વર્ણવ્યા પ્રમાણે કામ કરે છે,1,
સુલભ,1,
પરિપૂર્ણ,1,
ચોક્કસ,1,
અદ્યતન,1,
ફાયદો,1,
અપીલ,1,
પ્રશંસા કરો,1,
યોગ્ય,1,
મંજૂરી,1,
ઉપલબ્ધ,1,
પુરસ્કાર,1,
એનાયત,1,
પુરસ્કારો,1,
સુંદર,1,
લાભો,1,
શ્રેષ્ઠ,1,
વધુ સારું,1,
તેજસ્વી,1,
તેજસ્વી,1,
સક્ષમ,1,
ઉજવણી,1,
ચેમ્પિયન,1,
સસ્તું,1,
ક્લાસિક,1,
ચોખ્ખો,1,
ચોખ્ખુ,1,
સ્પષ્ટપણે,1,
સુસંગત,1,
પૂરક,1,
સુસંગત,1,
વ્યાપક,1,
સુસંગત,1,
સતત,1,
યોગદાન,1,
સગવડ,1,
અનુકૂળ,1,
ઠંડી,1,
યોગ્ય,1,
યોગ્ય રીતે,1,
ઉપચાર,1,
સમર્પિત,1,
રાજદ્વારી,1,
ભેદ,1,
વિશિષ્ટ,1,
પ્રતિષ્ઠિત,1,
દૈવી,1,
પ્રભુત્વ ધરાવે છે,1,
સરળતા,1,
સરળ,1,
સરળ,1,
અસરકારક,1,
અસરકારક રીતે,1,
કાર્યક્ષમ,1,
પ્રોત્સાહિત કરો,1,
સમર્થન,1,
વધારવું,1,
ઉન્નત,1,
પૂરતૂ,1,
ઉત્તમ,1,
સગવડ કરવી,1,
વાજબી,1,
એકદમ,1,
ખ્યાતિ,1,
પ્રખ્યાત,1,
ઝડપી,1,
ઝડપી,1,
તરફેણ,1,
દંડ,1,
મફત,1,
સ્વતંત્રતા,1,
તાજા,1,
લાભ,1,
મેળવ્યું,1,
સોનું,1,
સોનેરી,1,
સારું,1,
ભવ્ય,1,
મહાન,1,
મહાન,1,
ગેરંટી,1,
માર્ગદર્શન,1,
ખુશ,1,
મદદ કરી,1,
મદદરૂપ,1,
મદદ કરે છે,1,
પવિત્ર,1,
સન્માન,1,
ગરમ,1,
મહત્વપૂર્ણ,1,
સુધારો,1,
સુધારેલ,1,
સુધારો,1,
પ્રભાવશાળી,1,
નવીનતા,1,
સંકલિત,1,
રસપ્રદ,1,
રૂચિ,1,
લીડ,1,
અગ્રણી,1,
દોરી જાય છે,1,
એલ.ઈ. ડી,1,
જેમ,1,
તાર્કિક,1,
પ્રેમ,1,
મેજિક,1,
માસ્ટર,1,
માસ્ટર્સ,1,
અર્થપૂર્ણ,1,
આધુનિક,1,
ખાસ કરીને,1,
શાંતિ,1,
પ્રખ્યાત,1,
હકારાત્મક,1,
શક્તિશાળી,1,
વખાણ,1,
ચોક્કસ,1,
પસંદ કરે છે,1,
સુંદર,1,
પ્રગતિ,1,
અગ્રણી,1,
પ્રોમ્પ્ટ,1,
યોગ્ય,1,
યોગ્ય રીતે,1,
રક્ષણ,1,
રક્ષણ,1,
લાયક,1,
ઝડપી,1,
વાંચી શકાય તેવું,1,
તૈયાર,1,
ભલામણો,1,
ભલામણ કરેલ,1,
સુધારા,1,
આદર,1,
હળવા,1,
વિશ્વસનીય,1,
પ્રખ્યાત,1,
આદર,1,
ક્રાંતિકારી,1,
સમૃદ્ધ,1,
અધિકાર,1,
રોમેન્ટિક,1,
સલામત,1,
સંત,1,
સુરક્ષિત,1,
સંવેદનશીલ,1,
તીક્ષ્ણ,1,
નોંધપાત્ર,1,
સરળ,1,
નરમ,1,
નક્કર,1,
અત્યાધુનિક,1,
આધ્યાત્મિક,1,
સ્થિર,1,
મજબૂત,1,
વધુ મજબૂત,1,
સફળ,1,
સફળતા,1,
સફળતાઓ,1,
સફળ,1,
પુરતું,1,
યોગ્ય,1,
ચડિયાતું,1,
આધાર,1,
આધારભૂત,1,
સહાયક,1,
આધાર આપે છે,1,
ટોચ,1,
પારદર્શક,1,
ટ્રમ્પ,1,
વિશ્વાસ,1,
ઉપયોગી,1,
મૂલ્યવાન,1,
વિવિધતા,1,
વિજય,1,
સદ્ગુણ,1,
ગરમ,1,
સ્વાગત છે,1,
સારું,1,
જીત,1,
વિજેતા,1,
જીતી,1,
કામ,1,
કામ કર્યું,1,
કામ કરે છે,1,
મૂલ્ય,1,
અઘરું,1,
અચૂક,1,
અજાયબી,1,
અજાયબીઓની,1,
અજેય,1,
અટલ,1,
અડગ,1,
અણધાર્યો,1,
અતૂટ,1,
અત્યાધુનિક,1,
અદભૂત,1,
અદ્ભુત,1,
અદ્ભૂત,1,
અધિકતા,1,
અધિકાર,1,
અધિકૃત,1,
અનહદ,1,
અનુકૂળ,1,
અનુગ્રહ,1,
અનૂકુળ,1,
અનોખું,1,
અપગ્રેડ,1,
અપવાદરૂપે,1,
અપીલ,1,
અપ્રતિમ,1,
અભિનંદન,1,
અભિરુચિ,1,
અભેદ્ય,1,
અમર્યાદ,1,
અમર્યાદિત,1,
અમલી,1,
અમૂલ્ય,1,
અમોઘ,1,
અરજી,1,
અર્થપૂર્ણ,1,
અર્વાચીન,1,
અસરકારક,1,
અસરકારકતા,1,
અસલ,1,
આકરી,1,
આકર્ષક,1,
આકર્ષણ,1,
આકર્ષણની,1,
આકર્ષ્યા,1,
આકાશ,1,
આતુર,1,
આદર,1,
આદરણીય,1,
આદર્શ,1,
આધાર,1,
આધારભૂત,1,
આધુનિક,1,
આધ્યાત્મિક,1,
આનંદ,1,
આનંદથી,1,
આનંદદાયક,1,
આનંદિત,1,
આનંદી,1,
આપતાં,1,
આપની,1,
આપ્યું,1,
આબાદ,1,
આબેહૂબ,1,
આભાર,1,
આભારી,1,
આરાધ્ય,1,
આરામ,1,
આરામદાયક,1,
આર્થિક,1,
આલિંગન,1,
આવકાર,1,
આવેગ,1,
આવેલી,1,
આશાવાદ,1,
આશાવાદી,1,
આશાસ્પદ,1,
આશીર્વાદ,1,
આશ્ચર્ય,1,
આશ્ચર્યકારક,1,
આશ્ચર્યજનક,1,
આશ્વાસન,1,
આસ્થા,1,
ઇચ્છા,1,
ઇચ્છુક,1,
ઇનામ,1,
ઇલાજ,1,
ઈચ્છા,1,
ઈનામ,1,
ઈમાનદારી,1,
ઉચિત,1,
ઉજવણી,1,
ઉજ્જવળ,1,
ઉડી,1,
ઉત્કર્ષ,1,
ઉત્કૃષ્ટ,1,
ઉત્તમ,1,
ઉત્તેજક,1,
ઉત્તેજન,1,
ઉત્તેજના,1,
ઉત્તેજિત,1,
ઉત્પાદક,1,
ઉત્સવ,1,
ઉત્સાહ,1,
ઉત્સાહપૂર્વક,1,
ઉત્સાહી,1,
ઉત્સુક,1,
ઉદાર,1,
ઉદારતા,1,
ઉદાહરણ,1,
ઉન્નત,1,
ઉન્નતિ,1,
ઉપદેશક,1,
ઉપભોગ,1,
ઉપયોગી,1,
ઉપલબ્ધ,1,
ઉપવાસ,1,
ઉપાય,1,
ઉમદા,1,
ઉલ્લાસ,1,
ઉષ્ણતા,1,
ઊર્મિ,1,
ઋણી,1,
એકતા,1,
એકદમ,1,
એનાયત,1,
એન્ડોર્સમેન્ટ,1,
એવોર્ડ,1,
ઐક્ય,1,
ઓછી,1,
કદર,1,
કબૂલાત,1,
કરવું,1,
કરા,1,
કરુણા,1,
કરોડ,1,
કરોડરજ્જુ,1,
કાનના,1,
કાફી,1,
કામ,1,
કાયદેસર,1,
કારણ,1,
કાર્ય,1,
કાર્યક્ષમ,1,
કિંમત,1,
કિમતી,1,
કીર્તિ,1,
કુશળ,1,
કુશળતા,1,
કૂવો,1,
કૃતજ્ઞ,1,
કૃતજ્ઞતા,1,
કૃપા,1,
કૃપાળુ,1,
કોષ,1,
કૌશલ,1,
ક્રમબદ્ધ,1,
ક્રાંતિ,1,
ક્રાંતિકારી,1,
ક્રાન્તિ,1,
ક્ષમા,1,
ખંત,1,
ખંતપૂર્વક,1,
ખજાનો,1,
ખડતલ,1,
ખરું,1,
ખાતરી,1,
ખુશ,1,
ખુશી,1,
ખુશીથી,1,
ખૂબસૂરત,1,
ખ્યાતિ,1,
ગતિશીલ,1,
ગમતો,1,
ગમ્યું,1,
ગરમ,1,
ગર્વ,1,
ગળપણ,1,
ગુણવત્તા,1,
ગેરંટી,1,
ગોઠવણ,1,
ગૌરવ,1,
ઘણો,1,
ઘન,1,
ઘનિષ્ઠ,1,
ઘેલછા,1,
ચડિયાતી,1,
ચડિયાતું,1,
ચતુર,1,
ચપળ,1,
ચમક,1,
ચમત્કાર,1,
ચમત્કારિક,1,
ચળકતું,1,
ચળકાટ,1,
ચાહક,1,
ચાહકો,1,
ચુસ્ત,1,
ચોક્કસ,1,
ચોક્કસપણે,1,
ચોક્ક્સ,1,
ચોખ્ખું,1,
છટાદાર,1,
જબરદસ્ત,1,
જમણું,1,
જશ,1,
જાગ્રત,1,
જાજરમાન,1,
જાત,1,
જાદુ,1,
જાદુઈ,1,
જાહેરમાં,1,
જીત,1,
જીતે,1,
જીત્યું,1,
જુવાન,1,
જુસ્સાદાર,1,
જેમ્સ,1,
જેવું,1,
જોવાલાયક,1,
જોશ,1,
જ્ઞાની,1,
જ્વલંત,1,
ઝડપી,1,
ટકાઉ,1,
ટેકો,1,
ટેન્ડર,1,
ટોચ,1,
ટ્રસ્ટ,1,
ઠંડુ,1,
ઠીક,1,
ડહાપણ,1,
તંદુરસ્ત,1,
તકેદારી,1,
તત્કાલ,1,
તત્પર,1,
તરત,1,
તરફેણ,1,
તર્કસંગત,1,
તહેવારની,1,
તાજગી,1,
તાજા,1,
તાજું,1,
તારણહાર,1,
તારાઓની,1,
તાર્કિક,1,
તીક્ષ્ણ,1,
તીખું,1,
તેજ,1,
તેજસ્વી,1,
તેજી,1,
તૈયાર,1,
તૈયારી,1,
ત્યાર,1,
ત્વરિત,1,
દયા,1,
દયાળુ,1,
દર્દી,1,
દાતા,1,
દાતાર,1,
દાર્શનિક,1,
દૃઢ,1,
દેવદૂત,1,
દેશભક્ત,1,
દૈવી,1,
દોરી,1,
ધન,1,
ધનવાન,1,
ધનિક,1,
ધન્યવાદ,1,
ધર્માદા,1,
ધાક,1,
ધીરજ,1,
ધ્યાન,1,
નક્કર,1,
નમ્રતા,1,
નરમ,1,
નવીન,1,
નવીનતા,1,
નવીનીકરણ,1,
નવેસરથી,1,
નસીબ,1,
નસીબદાર,1,
નાટકીય,1,
નામના,1,
નામાંકિત,1,
નાયક,1,
નિખાલસતા,1,
નિપુણ,1,
નિપુણતા,1,
નિયતિ,1,
નિર્ણાયક,1,
નિર્દોષ,1,
નિર્ભય,1,
નિર્મળ,1,
નિર્વિવાદ,1,
નિષ્કલંક,1,
નિષ્ઠા,1,
નિષ્ઠાવાન,1,
નિષ્પક્ષ,1,
નિષ્પક્ષતા,1,
નૈતિક,1,
નૈતિકતા,1,
નોંધપાત્ર,1,
ન્યાયપૂર્ણ,1,
ન્યાયી,1,
પડતા,1,
પરત,1,
પરાકાષ્ઠા,1,
પરાક્રમ,1,
પરાક્રમી,1,
પરાજય,1,
પરિપૂર્ણ,1,
પરિપૂર્ણતા,1,
પરોપકારી,1,
પર્યાપ્ત,1,
પવિત્ર,1,
પસંદ,1,
પાતળા,1,
પાત્ર,1,
પાયાનો,1,
પારદર્શક,1,
પુખ્ત,1,
પુનઃજીવિત,1,
પુનરુજ્જીવન,1,
પુનર્ગઠન,1,
પુરવણી,1,
પુરસ્કાર,1,
પુરસ્કારો,1,
પુષ્કળ,1,
પૂરક,1,
પૂરતા,1,
પૂરતું,1,
પૂર્ણ,1,
પૂર્ણપણે,1,
પૈકીનું,1,
પૈસાદાર,1,
પોષ,1,
પોષણ,1,
પોસાય,1,
પૌરાણિક,1,
પ્રકાશિત,1,
પ્રખ્યાત,1,
પ્રગતિ,1,
પ્રગતિશીલ,1,
પ્રતિજ્ઞા,1,
પ્રતિભા,1,
પ્રતિભાશાળી,1,
પ્રતિષ્ઠા,1,
પ્રતિષ્ઠિત,1,
પ્રભાવશાળી,1,
પ્રભાવિત,1,
પ્રભાવી,1,
પ્રભુત્વ,1,
પ્રમાણભૂત,1,
પ્રમાણિક,1,
પ્રમાણિકતા,1,
પ્રવર્તક,1,
પ્રવીણ,1,
પ્રશંસક,1,
પ્રશંસા,1,
પ્રશાંત,1,
પ્રસન્ન,1,
પ્રસન્નતા,1,
પ્રસિદ્ધ,1,
પ્રસ્તાવ,1,
પ્રાધાન્ય,1,
પ્રાપ્ત,1,
પ્રાપ્ય,1,
પ્રામાણિક,1,
પ્રેમ,1,
પ્રેમપૂર્વક,1,
પ્રેમાળ,1,
પ્રેમિકા,1,
પ્રેરણા,1,
પ્રેરણાદાયી,1,
પ્રેરિત,1,
પ્રોત્સાહન,1,
ફળદાયી,1,
ફળદ્રુપ,1,
ફાયદાકારક,1,
ફાયદો,1,
ફાળો,1,
ફૂલ,1,
ફેરબદલી,1,
ફેલાયેલું,1,
બંધબેસતું,1,
બચત,1,
બહાદુર,1,
બહાદુરી,1,
બાંધકામ,1,
બાકી,1,
બાદશાહી,1,
બિનશરતી,1,
બુદ્ધિ,1,
બુદ્ધિશાળી,1,
બુલંદ,1,
બોનસ,1,
બ્લોકબસ્ટર,1,
ભરપૂર,1,
ભરોસાપાત્ર,1,
ભરોસો,1,
ભલામણ,1,
ભલામણો,1,
ભવ્ય,1,
ભવ્યતા,1,
ભાવાત્મક,1,
ભાવી,1,
ભેટ,1,
મંજુરી,1,
મંજૂરી,1,
મજબૂત,1,
મજા,1,
મજાની,1,
મણિ,1,
મદદગાર,1,
મદદરૂપ,1,
મધુર,1,
મનપસંદ,1,
મનમોહક,1,
મનોરંજક,1,
મનોરમ,1,
મનોહર,1,
મફત,1,
મહત્તા,1,
મહત્વનું,1,
મહત્વપૂર્ણ,1,
મહત્વાકાંક્ષી,1,
મહાન,1,
મહાનતા,1,
મહિમા,1,
મહેનતુ,1,
મહેરબાની,1,
માણી,1,
માધુર્ય,1,
માન,1,
માનનીય,1,
માયાળુ,1,
માર્ગદર્શન,1,
માર્વેલ,1,
મિત્રતા,1,
મીઠી,1,
મીઠું,1,
મુકિત,1,
મુક્ત,1,
મુક્તિ,1,
મુક્તિદાતા,1,
મુખ્ય,1,
મૂર્તિ,1,
મૂલ્યવાન,1,
મૂળ,1,
મેળ,1,
મેળવી,1,
મેળો,1,
મૈત્રીપૂર્ણ,1,
મોખરાનું,1,
મોભો,1,
મોર,1,
મોહક,1,
મોહિની,1,
યાદગાર,1,
યોગ્ય,1,
યોગ્યતા,1,
રક્ષણ,1,
રચના,1,
રચનાત્મક,1,
રત્ન,1,
રમણીય,1,
રમતિયાળ,1,
રમૂજ,1,
રમૂજી,1,
રસ,1,
રસપ્રદ,1,
રસિક,1,
રાજનૈતિક,1,
રાજી,1,
રાહત,1,
રિવર,1,
રીતે,1,
રુચિકર,1,
રોગી,1,
રોમાંચક,1,
રોમાન્ટિક,1,
લવચીક,1,
લાગણી,1,
લાભ,1,
લાભકારી,1,
લાભદાયી,1,
લાભો,1,
લાયક,1,
લાયકાત,1,
લાવણ્ય,1,
લોકપ્રિય,1,
વકીલ,1,
વખાણ,1,
વખાણાયેલી,1,
વગદાર,1,
વચન,1,
વચનો,1,
વટાવી,1,
વડપણ,1,
વધવું,1,
વધારે,1,
વધી,1,
વફાદાર,1,
વફાદારી,1,
વરદાન,1,
વર્થ,1,
વસૂલાત,1,
વહેવારુ,1,
વળગાડ,1,
વળતર,1,
વાજબી,1,
વારંવાર,1,
વાસ્તવવાદી,1,
વાસ્તવિક,1,
વાહ,1,
વિકસિત,1,
વિખ્યાત,1,
વિજય,1,
વિજયનું,1,
વિજયી,1,
વિજેતા,1,
વિદ્વાન,1,
વિનમ્ર,1,
વિનમ્રતા,1,
વિનોદ,1,
વિનોદી,1,
વિપુલ,1,
વિપુલતા,1,
વિલાસી,1,
વિવિધતા,1,
વિવેકી,1,
વિશાળ,1,
વિશિષ્ટ,1,
વિશિષ્ટતા,1,
વિશેષાધિકાર,1,
વિશ્વસનીય,1,
વિશ્વસનીયતા,1,
વિશ્વાસ,1,
વિશ્વાસપાત્ર,1,
વિશ્વાસુ,1,
વિસ્તારી,1,
વિસ્મય,1,
વીજળી,1,
વીમો,1,
વીર,1,
વૃદ્ધિ,1,
વૈભવ,1,
વ્યક્તિગત,1,
વ્યવસ્થા,1,
વ્યવસ્થિત,1,
વ્યાજ,1,
વ્યાજબી,1,
શકય,1,
શકિતશાળી,1,
શક્તિ,1,
શક્તિશાળી,1,
શક્ય,1,
શાંત,1,
શાંતિ,1,
શાંતિથી,1,
શાંતિપૂર્ણ,1,
શાણપણ,1,
શાનદાર,1,
શિક્ષિત,1,
શિષ્ટાચાર,1,
શીઘ્ર,1,
શીતળ,1,
શુદ્ધ,1,
શુભ,1,
શુભેચ્છા,1,
શૂરવીર,1,
શોખીન,1,
શોભા,1,
શૌર્ય,1,
શ્રદ્ધાંજલિ,1,
શ્રદ્ધાળુ,1,
શ્રીમંત,1,
શ્રેષ્ઠ,1,
શ્રેષ્ઠતા,1,
શ્વાસ,1,
સંકલિત,1,
સંક્ષિપ્ત,1,
સંત,1,
સંતુલિત,1,
સંતુષ્ટ,1,
સંતોષ,1,
સંતોષકારક,1,
સંતોષજનક,1,
સંધિ,1,
સંપત્તિ,1,
સંપન્ન,1,
સંપૂર્ણ,1,
સંપૂર્ણતા,1,
સંપૂર્ણપણે,1,
સંરક્ષક,1,
સંવેદનશીલ,1,
સંસ્કારી,1,
સક્રિય,1,
સખાવતી,1,
સગવડ,1,
સઘન,1,
સચેત,1,
સચ્ચાઈ,1,
સજ્જ,1,
સદાચારી,1,
સન્માન,1,
સન્માનિત,1,
સફળ,1,
સફળતા,1,
સફળતાઓ,1,
સફળતાપૂર્વક,1,
સબસિડી,1,
સભ્ય,1,
સભ્યતા,1,
સમજદાર,1,
સમજી,1,
સમયસર,1,
સમર્થ,1,
સમર્થક,1,
સમર્થન,1,
સમર્પિત,1,
સમાધાન,1,
સમાન,1,
સમૃદ્ધ,1,
સમૃદ્ધિ,1,
સમ્માન,1,
સરસ,1,
સરળ,1,
સર્જનાત્મક,1,
સર્વગ્રાહી,1,
સર્વાંગી,1,
સર્વોચ્ચ,1,
સર્વોચ્ચતા,1,
સર્વોત્તમ,1,
સર્વોપરી,1,
સલામ,1,
સલામત,1,
સશક્તિકરણ,1,
સસ્તા,1,
સસ્તી,1,
સસ્તુ,1,
સસ્તું,1,
સહકારથી,1,
સહકારી,1,
સહાનુભૂતિ,1,
સહાય,1,
સહાયક,1,
સહેલાઈથી,1,
સહેલું,1,
સાક્ષાત્,1,
સાચું,1,
સાતત્ય,1,
સાદું,1,
સાધક,1,
સાધી,1,
સાધુ,1,
સાનુકૂળ,1,
સાફ,1,
સાબિત,1,
સામર્થ્ય,1,
સારી,1,
સારું,1,
સાવધ,1,
સાહજિક,1,
સાહસિક,1,
સિદ્ધ,1,
સિદ્ધિ,1,
સિદ્ધિઓ,1,
સીસું,1,
સુંદર,1,
સુંદરતા,1,
સુકુમાર,1,
સુખ,1,
સુખદ,1,
સુખાકારી,1,
સુખી,1,
સુગંધિત,1,
સુઘડ,1,
સુધારણા,1,
સુધારવા,1,
સુધારવું,1,
સુધારા,1,
સુધારાઓ,1,
સુધારેલું,1,
સુધારો,1,
સુપર,1,
સુરક્ષિત,1,
સુલભ,1,
સુવર્ણ,1,
સુવાચ્ય,1,
સુવાસિત,1,
સુવાહ્ય,1,
સુવિખ્યાત,1,
સુવિધા,1,
સુશોભિત,1,
સુસંગત,1,
સુસંગતતા,1,
સૂઝ,1,
સૂર્યોદય,1,
સેક્સી,1,
સેન,1,
સોદો,1,
સોનું,1,
સોનેરી,1,
સોફ્ટ,1,
સૌમ્ય,1,
સ્ટેજની,1,
સ્તુતિ,1,
સ્થિતિસ્થાપક,1,
સ્થિરતા,1,
સ્નાતકોત્તર,1,
સ્નિગ્ધ,1,
સ્નેહ,1,
સ્પર્ધાત્મક,1,
સ્પષ્ટ,1,
સ્પષ્ટતા,1,
સ્પષ્ટીકરણ,1,
સ્પાર્ક,1,
સ્મારકો,1,
સ્માર્ટ,1,
સ્મિત,1,
સ્વચ્છ,1,
સ્વતંત્ર,1,
સ્વતંત્રતા,1,
સ્વર્ગ,1,
સ્વર્ગીય,1,
સ્વસ્થ,1,
સ્વસ્થતા,1,
સ્વાતંત્ર્ય,1,
સ્વાદ,1,
સ્વાદિષ્ટ,1,
સ્વાયત્ત,1,
સ્વાસ્થ્યપ્રદ,1,
સ્વીકાર્ય,1,
સ્વેચ્છાએ,1,
હકારાત્મક,1,
હયાત,1,
હરાવ્યો,1,
હર્ષ,1,
હસત,1,
હસતાં,1,
હળવા,1,
હળવું,1,
હાર્દિક,1,
હિંમત,1,
હિંમતવાન,1,
હિમાયત,1,
હુકમ,1,
હોંશિયાર,1,
ગેરહાજરી,0,
આરોપો,0,
અસ્પષ્ટ,0,
હુમલો,0,
હુમલાઓ,0,
પછાત,0,
ખરાબ,0,
અંધ,0,
બોર,0,
વિરામ,0,
ભંગ,0,
વિરામ,0,
તૂટી,0,
તૂટેલા,0,
ભૂલ,0,
કેન્સર,0,
ઠંડી,0,
પતન,0,
જટિલ,0,
જટિલ,0,
ચિંતા,0,
સંબંધિત,0,
ચિંતા,0,
સંઘર્ષ,0,
તકરાર,0,
મૂંઝવણ,0,
વિરોધાભાસી,0,
વિવાદાસ્પદ,0,
વિવાદ,0,
ભ્રષ્ટ,0,
ભ્રષ્ટાચાર,0,
જટિલ,0,
ટીકા,0,
ટીકાકારો,0,
નુકસાન,0,
ભય,0,
અંધારું,0,
મૃત,0,
મૃત્યુ,0,
ઘટાડો,0,
રાક્ષસ,0,
નામંજૂર,0,
નાશ,0,
મૃત્યુ પામ્યા,0,
મુશ્કેલ,0,
નિષ્ક્રિય,0,
અક્ષમ,0,
અવ્યવસ્થા,0,
વિવાદિત,0,
શંકા,0,
ખામીઓ,0,
દુકાળ,0,
શંકાસ્પદ,0,
કટોકટી,0,
દુશ્મન,0,
ધોવાણ,0,
ભૂલ,0,
ભૂલ,0,
ભૂલો,0,
દુષ્ટ,0,
બાકાત,0,
દેશનિકાલ,0,
ખર્ચાળ,0,
નિષ્ફળ,0,
નિષ્ફળતા,0,
પડવું,0,
ધોધ,0,
ખોટું,0,
ચરબી,0,
તાવ,0,
તળેલી,0,
સ્થૂળ,0,
સખત,0,
અવગણો,0,
ગેરકાયદે,0,
અશક્ત,0,
અશક્ય,0,
નિષ્ક્રિય,0,
અયોગ્ય,0,
અસંગત,0,
અપૂર્ણ,0,
ખોટું,0,
ખોટી રીતે,0,
સંક્રમિત,0,
ચેપ,0,
ચેપ,0,
ઉલ્લંઘન,0,
અસંવેદનશીલ,0,
અમાન્ય,0,
અદ્રશ્ય,0,
મુદ્દો,0,
મુદ્દાઓ,0,
મારવા,0,
માર્યા ગયા,0,
હત્યા,0,
અભાવ,0,
જૂઠ,0,
મર્યાદા,0,
મર્યાદાઓ,0,
મર્યાદિત,0,
ગુમાવવું,0,
નુકસાન,0,
હારી,0,
નકારાત્મક,0,
નર્વસ,0,
અવાજ,0,
પદાર્થ,0,
વિરોધી,0,
વિરોધ,0,
પાન,0,
નિષ્ક્રિય,0,
પ્લોટ,0,
ગરીબ,0,
ગરીબી,0,
સમસ્યા,0,
સમસ્યાઓ,0,
વિરોધ,0,
રેલ,0,
નિરર્થક,0,
ના પાડી,0,
નામંજૂર,0,
રાજીનામું આપ્યું,0,
પ્રતિકાર,0,
પ્રતિબંધિત,0,
જોખમ,0,
જોખમો,0,
કૌભાંડ,0,
હાડપિંજર,0,
ગુલામો,0,
ધીમું,0,
ધીમે ધીમે,0,
ગંધ,0,
ધુમાડો,0,
વિભાજન,0,
સ્થિર,0,
બેહદ,0,
કડક,0,
હડતાલ,0,
સંઘર્ષ,0,
સહન કર્યું,0,
લક્ષણો,0,
ભયંકર,0,
દુર્ઘટના,0,
યુક્તિ,0,
મુશ્કેલી,0,
અનિશ્ચિત,0,
અવ્યાખ્યાયિત,0,
અજ્ઞાત,0,
બિનજરૂરી,0,
અસામાન્ય,0,
વાઇસ,0,
ઉલ્લંઘન,0,
વાઇરસ,0,
ચેતવણી,0,
કચરો,0,
જંગલી,0,
ખોટું,0,
અંક,0,
અંકુશ,0,
અંતરાય,0,
અંધ,0,
અંધકાર,0,
અંધકારમય,0,
અંધશ્રદ્ધા,0,
અંધાધૂંધી,0,
અંધારું,0,
અકાળે,0,
અક્ષમ,0,
અક્ષમતા,0,
અગમ્ય,0,
અગવડ,0,
અગાઉથી,0,
અચાનક,0,
અચોક્કસ,0,
અછત,0,
અજાણ,0,
અજાણ્યા,0,
અજ્ઞાત,0,
અજ્ઞાન,0,
અટકે,0,
અડચણ,0,
અણગમો,0,
અણઘડ,0,
અણધારી,0,
અણધાર્યા,0,
અણનમ,0,
અતાર્કિક,0,
અતિ,0,
અતિક્રમણ,0,
અતિરેક,0,
અતિશય,0,
અતિશયોક્તિ,0,
અત્યાચાર,0,
અથડામણ,0,
અધઃપતન,0,
અધીન,0,
અધૂરું,0,
અનધિકૃત,0,
અનપેક્ષિત,0,
અનાથ,0,
અનાદર,0,
અનાવશ્યક,0,
અનિચ્છનીય,0,
અનિચ્છા,0,
અનિચ્છાએ,0,
અનિયમિત,0,
અનિયમિતતા,0,
અનિવાર્ય,0,
અનિશ્ચિત,0,
અનુચિત,0,
અનુપમ,0,
અનૈતિક,0,
અન્યાય,0,
અન્યાયી,0,
અપંગ,0,
અપમાન,0,
અપમાનજનક,0,
અપરાધ,0,
અપરાધી,0,
અપરિચિત,0,
અપરિપક્વ,0,
અપર્યાપ્ત,0,
અપવિત્ર,0,
અપૂર્ણ,0,
અપ્રગટ,0,
અપ્રમાણિક,0,
અપ્રસ્તુત,0,
અપ્રિય,0,
અફવા,0,
અફવાઓ,0,
અભણ,0,
અભાવ,0,
અમાનવીય,0,
અમાન્ય,0,
અયોગ્ય,0,
અરાજકતા,0,
અરાજકતાવાદી,0,
અરાજ્યવાદ,0,
અલંકારિક,0,
અલગ,0,
અલૌકિક,0,
અલ્પ,0,
અવક્ષય,0,
અવગણના,0,
અવગણે,0,
અવજ્ઞા,0,
અવરોધ,0,
અવરોધક,0,
અવરોધી,0,
અવરોધો,0,
અવશેષો,0,
અવાજો,0,
અવિચારી,0,
અવિરત,0,
અવિશ્વસનીય,0,
અવિશ્વાસ,0,
અવ્યવસ્થા,0,
અવ્યવસ્થિત,0,
અશકત,0,
અશકય,0,
અશક્ત,0,
અશક્ય,0,
અશાંતિ,0,
અશિષ્ટ,0,
અશુદ્ધ,0,
અશુદ્ધિ,0,
અશ્લીલ,0,
અસંગત,0,
અસંતુલન,0,
અસંતુષ્ટ,0,
અસંતોષ,0,
અસંભવ,0,
અસંભવિત,0,
અસંમત,0,
અસંમતિ,0,
અસમર્થ,0,
અસમાન,0,
અસમાનતા,0,
અસર,0,
અસહાય,0,
અસહ્ય,0,
અસુરક્ષિત,0,
અસ્ત,0,
અસ્તવ્યસ્ત,0,
અસ્થાયી,0,
અસ્થિભંગ,0,
અસ્થિર,0,
અસ્થિરતા,0,
અસ્પષ્ટ,0,
અસ્પષ્ટતા,0,
અસ્વસ્થ,0,
અસ્વસ્થતા,0,
અસ્વીકાર,0,
અસ્વીકાર્ય,0,
અહંકારી,0,
અહિત,0,
આંકડો,0,
આંચકો,0,
આંધળો,0,
આક્રમકતા,0,
આક્રમણ,0,
આક્રમણખોર,0,
આક્રમણથી,0,
આક્રોશ,0,
આક્ષેપ,0,
આક્ષેપો,0,
આગ્રહી,0,
આઘાત,0,
આજ્ઞાકારી,0,
આડે,0,
આતંક,0,
આતંકવાદ,0,
આત્મહત્યા,0,
આદિમ,0,
આપખુદ,0,
આપઘાત,0,
આપત્તિ,0,
આપત્તિઓ,0,
આપવું,0,
આફત,0,
આમૂલ,0,
આરોપ,0,
આરોપો,0,
આર્દ્ર,0,
આવારા,0,
આવેલું,0,
આશરે,0,
આશ્રય,0,
આળસ,0,
આળસુ,0,
ઇજા,0,
ઇજાગ્રસ્ત,0,
ઇનકાર,0,
ઇન્કાર,0,
ઈજા,0,
ઈનકાર,0,
ઈન્કાર,0,
ઉગ્ર,0,
ઉગ્રતા,0,
ઉજ્જડ,0,
ઉઝરડા,0,
ઉતાર,0,
ઉતાવળ,0,
ઉત્કટ,0,
ઉત્કલન,0,
ઉત્સાહથી,0,
ઉદાસ,0,
ઉદાસીન,0,
ઉદાસીનતા,0,
ઉન્માદ,0,
ઉપદ્રવ,0,
ઉપહાસ,0,
ઉપેક્ષા,0,
ઉભરી,0,
ઉલટી,0,
ઉલ્લંઘન,0,
ઊણપ,0,
ઊભો,0,
ઊલટી,0,
ઋણ,0,
એકંદર,0,
એકધારી,0,
એકપક્ષીય,0,
એકરાર,0,
એકલતા,0,
એકલું,0,
એકાંતવાસ,0,
એકાએક,0,
એકાકી,0,
એલર્જી,0,
કંગાળ,0,
કંટાળાજનક,0,
કચરો,0,
કટાક્ષ,0,
કટોકટી,0,
કઠિન,0,
કઠોર,0,
કઠોરતા,0,
કડક,0,
કડવાશ,0,
કડવું,0,
કતલ,0,
કદનું,0,
કદાવર,0,
કપટ,0,
કપટી,0,
કમજોર,0,
કમનસીબ,0,
કમનસીબે,0,
કરાડ,0,
કર્કશ,0,
કલંક,0,
કલમ,0,
કહીને,0,
કાચું,0,
કાટ,0,
કાપો,0,
કામકાજ,0,
કામચલાઉ,0,
કારણે,0,
કાલ્પનિક,0,
કાવતરાં,0,
કાવતરું,0,
કાળ,0,
કાળાશ,0,
કુખ્યાત,0,
કુસ્તી,0,
કૃત્રિમ,0,
કેદ,0,
કેદી,0,
કેન્સર,0,
કોઢ,0,
કોપાયમાન,0,
કોલાહલ,0,
કૌભાંડમાં,0,
ક્રૂર,0,
ક્રૂરતા,0,
ક્રેશ,0,
ક્રોધ,0,
ક્ષતિઓ,0,
ક્ષય,0,
ખંજવાળ,0,
ખંડન,0,
ખંડિત,0,
ખંડેર,0,
ખડકાળ,0,
ખતરનાક,0,
ખતરો,0,
ખરાબ,0,
ખર્ચાળ,0,
ખલાસ,0,
ખલેલ,0,
ખવાણ,0,
ખળભળાટ,0,
ખાટા,0,
ખાટું,0,
ખાડો,0,
ખામી,0,
ખામીઓ,0,
ખાલી,0,
ખિન્ન,0,
ખીચોખીચ,0,
ખૂન,0,
ખૂની,0,
ખેંચવામાં,0,
ખેંચીને,0,
ખેદ,0,
ખેલ,0,
ખોટ,0,
ખોટા,0,
ખોટી,0,
ખોટું,0,
ખોટો,0,
ખોડ,0,
ગંદકી,0,
ગંદુ,0,
ગંદું,0,
ગંધ,0,
ગંભીરતા,0,
ગંભીરતાપૂર્વક,0,
ગટર,0,
ગણાવ્યા,0,
ગભરાટ,0,
ગમ્મત,0,
ગરબડ,0,
ગરીબ,0,
ગરીબીમાં,0,
ગળુ,0,
ગાંઠ,0,
ગાંડો,0,
ગાઢ,0,
ગાળ,0,
ગીચ,0,
ગુના,0,
ગુનાહિત,0,
ગુનેગાર,0,
ગુનો,0,
ગુફા,0,
ગુલામ,0,
ગુલામી,0,
ગુલામો,0,
ગુસ્સે,0,
ગુસ્સો,0,
ગૂંચવણ,0,
ગૂંચવાડો,0,
ગેરકાનૂની,0,
ગેરકાયદે,0,
ગેરકાયદેસર,0,
ગેરફાયદા,0,
ગેરફાયદો,0,
ગેરબંધારણીય,0,
ગેરમાર્ગે,0,
ગેરલાભ,0,
ગેરવાજબી,0,
ગેરસમજ,0,
ગેરહાજરી,0,
ગોકળગાય,0,
ગૌણ,0,
ગૌરવપૂર્ણ,0,
ગ્રામ્ય,0,
ઘટાડવું,0,
ઘટાડામાં,0,
ઘટી,0,
ઘટ્યા,0,
ઘડી,0,
ઘર્ષણ,0,
ઘા,0,
ઘાટા,0,
ઘાતક,0,
ઘાતકી,0,
ઘાયલ,0,
ઘાસ,0,
ઘૂસણખોરી,0,
ઘોંઘાટ,0,
ઘોર,0,
ચડી,0,
ચમત્કારી,0,
ચરબી,0,
ચરબીયુક્ત,0,
ચાબુક,0,
ચિંતા,0,
ચિંતાઓ,0,
ચિંતાજનક,0,
ચિંતાતુર,0,
ચિત્તભ્રમણા,0,
ચીડ,0,
ચીલો,0,
ચૂક,0,
ચૂકી,0,
ચેતવણી,0,
ચેપ,0,
ચેપગ્રસ્ત,0,
ચેપી,0,
ચોકીઓ,0,
ચોરી,0,
છટણી,0,
છતાં,0,
છરી,0,
છિદ્ર,0,
છૂટ,0,
છૂટછાટો,0,
છૂપી,0,
છેડછાડ,0,
છેડતી,0,
છેતરપિંડી,0,
છેતરવા,0,
છેવાડે,0,
છોડવું,0,
જંગલી,0,
જખમ,0,
જગતનો,0,
જગ્યા,0,
જડ,0,
જણાવ્યું,0,
જબરદસ્તી,0,
જમાવ,0,
જરૂરિયાતમંદ,0,
જર્જરિત,0,
જવાબદારી,0,
જાડું,0,
જાતિવાદ,0,
જાતિવાદી,0,
જાળ,0,
જીવલેણ,0,
જુલમ,0,
જૂનું,0,
જેલ,0,
જોઈતી,0,
જોખમ,0,
જોખમકારક,0,
જોખમી,0,
જોખમો,0,
જોયા,0,
જોરદાર,0,
જ્વાળાઓ,0,
ઝંખના,0,
ઝઘડો,0,
ઝનૂની,0,
ઝાકળ,0,
ઝેર,0,
ઝેરી,0,
ટાંકી,0,
ટાળવું,0,
ટીકા,0,
ટીકાકારો,0,
ટેન્શન,0,
ટોલ,0,
ટ્રેમ્પ,0,
ટ્વિસ્ટેડ,0,
ઠંડા,0,
ઠંડી,0,
ઠંડું,0,
ઠગ,0,
ઠપકો,0,
ઠેકડી,0,
ઠેરવવા,0,
ઠેસ,0,
ડર,0,
ડાઘ,0,
ડિક,0,
ડિઝીટલ,0,
ડુક્કર,0,
ડુક્કરો,0,
ડુબાડવું,0,
ઢીલું,0,
ઢોંગી,0,
તંગ,0,
તંગી,0,
તકરાર,0,
તકલીફ,0,
તકવાદી,0,
તણાવ,0,
તણાવપૂર્ણ,0,
તફાવત,0,
તમસ,0,
તરફેણકારી,0,
તરસ,0,
તર્કદોષ,0,
તળાવ,0,
તળેલી,0,
તાકીદે,0,
તાણ,0,
તાવ,0,
તિરસ્કાર,0,
તુચ્છ,0,
તૂટી,0,
તૃપ્ત,0,
તૃષા,0,
તોડફોડ,0,
તોડવું,0,
તોપમારો,0,
તોફાન,0,
તોફાની,0,
ત્યાગ,0,
ત્રસ્ત,0,
ત્રાટકી,0,
ત્રાસ,0,
ત્રાસદાયક,0,
ત્રાસવાદ,0,
ત્રુટિ,0,
થકાવટ,0,
થાકી,0,
થીજી,0,
દખલ,0,
દખલગીરી,0,
દગો,0,
દબાણ,0,
દબાવી,0,
દમન,0,
દરિદ્ર,0,
દલાલ,0,
દહેશત,0,
દાસ,0,
દાહક,0,
દીર્ઘકાલીન,0,
દુઃખ,0,
દુઃખદ,0,
દુઃખાવો,0,
દુઃખી,0,
દુકાનો,0,
દુકાળ,0,
દુખાવો,0,
દુરુપયોગ,0,
દુર્ગંધ,0,
દુર્ગુણ,0,
દુર્ઘટના,0,
દુર્દશા,0,
દુર્લભ,0,
દુર્વ્યવહાર,0,
દુશ્મન,0,
દુશ્મનાવટ,0,
દુશ્મની,0,
દુષ્કાળ,0,
દુષ્ટ,0,
દૂષણ,0,
દૂષિત,0,
દેવાં,0,
દેવાળું,0,
દેવું,0,
દેશનિકાલ,0,
દેશવટો,0,
દૈત્ય,0,
દોષ,0,
દોષારોપણ,0,
દોષિત,0,
દોષી,0,
દ્વિધા,0,
દ્વિધામાં,0,
ધમકી,0,
ધમકીઓ,0,
ધર,0,
ધરપકડ,0,
ધરમૂળથી,0,
ધર્મગુરુઓ,0,
ધિક્કારુ,0,
ધીમું,0,
ધુમાડો,0,
ધુમ્મસ,0,
ધૂપ,0,
ધૂમાડો,0,
ધૂમ્રપાન,0,
ધૂળ,0,
ધોધ,0,
ધોવાણ,0,
ધ્રુજારી,0,
ધ્રુવીકરણ,0,
ધ્વંસ,0,
નકલી,0,
નકામું,0,
નકારી,0,
નખ,0,
નજરે,0,
નજીવો,0,
નફરત,0,
નફરત,0,
નબળા,0,
નબળાઇ,0,
નબળાઈ,0,
નબળાઈઓ,0,
નબળું,0,
નમી,0,
નરક,0,
નવા,0,
નાખુશ,0,
નાજુક,0,
નાદાર,0,
નામંજૂર,0,
નામચીન,0,
નારાજ,0,
નાશ,0,
નાસ્તિક,0,
નિંદા,0,
નિંદાત્મક,0,
નિઃશસ્ત્ર,0,
નિકંદન,0,
નિખાલસ,0,
નિતંબ,0,
નિયંત્રણ,0,
નિરંતર,0,
નિરક્ષર,0,
નિરર્થક,0,
નિરાધાર,0,
નિરાશ,0,
નિરાશા,0,
નિરાશાજનક,0,
નિર્જન,0,
નિર્જીવ,0,
નિર્માણ,0,
નિષિદ્ધ,0,
નિષેધ,0,
નિષેધાત્મક,0,
નિષ્ક્રિય,0,
નિષ્ક્રિયતા,0,
નિષ્ઠુર,0,
નિષ્ફળ,0,
નિષ્ફળતા,0,
નિસ્તેજ,0,
નીચ,0,
નીચા,0,
નુકશાન,0,
નુકસાન,0,
નુકસાનકારક,0,
નુકસાની,0,
પંક,0,
પંચરંગી,0,
પક્ષપાત,0,
પક્ષપાતી,0,
પગલે,0,
પછાત,0,
પડતી,0,
પડવું,0,
પડી,0,
પતન,0,
પત્નીને,0,
પથરાળ,0,
પદાર્થ,0,
પરદેશી,0,
પરાણે,0,
પરોપજીવી,0,
પસ્તાવો,0,
પાગલ,0,
પાટા,0,
પાતાળ,0,
પાપ,0,
પાપનો,0,
પાપી,0,
પિગ,0,
પિત્ત,0,
પીછેહઠ,0,
પીડા,0,
પીડિત,0,
પુનરાવર્તન,0,
પુરાતન,0,
પૂછપરછ,0,
પૂતળું,0,
પૂર્વગ્રહ,0,
પૂર્વગ્રહયુક્ત,0,
પેરાનોઇડ,0,
પોલું,0,
પ્રકીર્ણ,0,
પ્રકોપ,0,
પ્રચલિત,0,
પ્રચાર,0,
પ્રતિકાર,0,
પ્રતિકૂળ,0,
પ્રતિબંધ,0,
પ્રતિબંધક,0,
પ્રતિબંધિત,0,
પ્રતિરોધી,0,
પ્રતિસ્પર્ધી,0,
પ્રદૂષિત,0,
પ્રબળ,0,
પ્રશ્ન,0,
પ્રહસન,0,
પ્રાચીન,0,
પ્રાણઘાતક,0,
પ્રારંભિક,0,
પ્રેરક,0,
પ્લેબેક,0,
પ્લોટ,0,
ફગાવી,0,
ફરિયાદ,0,
ફરીયાદ,0,
ફસાયેલા,0,
ફાંસી,0,
ફાટ,0,
ફાડી,0,
ફાશીવાદી,0,
ફિસ્ટ,0,
ફુગાવાની,0,
ફેટી,0,
ફેલાવી,0,
ફ્લેગ,0,
ફ્લેર,0,
બંડ,0,
બંદર,0,
બંદરો,0,
બંધ,0,
બંધન,0,
બંધિયાર,0,
બગડી,0,
બગાડ,0,
બગાડ,0,
બગાડી,0,
બદનક્ષી,0,
બદનામ,0,
બનાવટ,0,
બનાવટી,0,
બનાવ્યો,0,
બરછટ,0,
બરડ,0,
બરબાદ,0,
બરાબર,0,
બર્ન્સ,0,
બહારનું,0,
બહિષ્કાર,0,
બળજબરી,0,
બળજબરીપૂર્વક,0,
બળતરા,0,
બળવાખોર,0,
બળવો,0,
બળાત્કાર,0,
બાદબાકી,0,
બાન,0,
બાસ,0,
બાહ્ય,0,
બિનઅસરકારક,0,
બિનઉપયોગી,0,
બિનજરૂરી,0,
બિનતરફેણકારી,0,
બિનપરંપરાગત,0,
બીક,0,
બીમાર,0,
બીમારી,0,
બૂમ,0,
બેકાર,0,
બેચેન,0,
બેચેની,0,
બેડોળ,0,
બેભાન,0,
બેવફાઈ,0,
બેશુદ્ધ,0,
બોજો,0,
ભંગ,0,
ભંગાણ,0,
ભંગાર,0,
ભય,0,
ભયંકર,0,
ભયગ્રસ્ત,0,
ભયજનક,0,
ભયભીત,0,
ભયાનક,0,
ભયાવહ,0,
ભરચક,0,
ભાંગી,0,
ભાગીદાર,0,
ભાર,0,
ભારપૂર્વક,0,
ભારયુક્ત,0,
ભારે,0,
ભિન્ન,0,
ભીડ,0,
ભીતિ,0,
ભીષણ,0,
ભૂકો,0,
ભૂખમરો,0,
ભૂખ્યા,0,
ભૂગર્ભ,0,
ભૂલ,0,
ભૂલથી,0,
ભૂલો,0,
ભેજવાળા,0,
ભેજવાળું,0,
ભેદભાવ,0,
ભેદી,0,
ભોગ,0,
ભોજનાલય,0,
ભૌતિક,0,
ભ્રમ,0,
ભ્રમણા,0,
ભ્રમિત,0,
ભ્રષ્ટ,0,
ભ્રષ્ટાચાર,0,
ભ્રામક,0,
મંદી,0,
મંદીની,0,
મક્કમ,0,
મડાગાંઠ,0,
મતભેદ,0,
મદ,0,
મનસ્વી,0,
મરણ,0,
મર્યાદા,0,
મર્યાદાઓ,0,
મર્યાદિત,0,
મલિન,0,
મહામંદી,0,
માંકડ,0,
માંદગી,0,
માનવામાં,0,
માનસિક,0,
માને,0,
માફ,0,
માયા,0,
મારવા,0,
માર્મિક,0,
માલિકીનું,0,
માળના,0,
મિથ્યા,0,
મિશ્રિત,0,
મુકાબલો,0,
મુદ્દાઓ,0,
મુદ્દો,0,
મુલાયમ,0,
મુશ્કેલી,0,
મુશ્કેલીઓ,0,
મુશ્કેલીઓમાં,0,
મુશ્કેલીમાં,0,
મૂંઝવણમાં,0,
મૂક,0,
મૂડી,0,
મૂર્ખ,0,
મૃત,0,
મૃત્યુ,0,
મેટ,0,
મેનિયા,0,
મેલ,0,
મોંઘું,0,
મોક,0,
મોટા,0,
મોટું,0,
મોટેથી,0,
મોટેભાગે,0,
મોત,0,
મોરી,0,
યાતના,0,
યુકિત,0,
યુદ્ધ,0,
રંજ,0,
રક્તસ્ત્રાવ,0,
રખડુ,0,
રખાતા,0,
રચી,0,
રજ,0,
રણ,0,
રદ,0,
રદિયો,0,
રસ્તો,0,
રહસ્ય,0,
રહસ્યમય,0,
રાજદ્રોહ,0,
રાજીનામું,0,
રાષ્ટ્રવાદી,0,
રૂઢિચુસ્ત,0,
રૂધિરસ્ત્રવણ,0,
રેટરિક,0,
રેડિકલ,0,
રેલવે,0,
રોકવું,0,
રોકાયેલા,0,
રોકે,0,
રોગચાળો,0,
રોષ,0,
લક્ષણ,0,
લક્ષણો,0,
લડાયક,0,
લાંછન,0,
લાંબી,0,
લાંબું,0,
લાચાર,0,
લાચારી,0,
લાલચ,0,
લાલસા,0,
લિક,0,
લીંબુ,0,
લૂંટ,0,
લૂંટફાટ,0,
લેતી,0,
લોભ,0,
લોભી,0,
લોહિયાળ,0,
વંચિત,0,
વંશ,0,
વકર્યો,0,
વગરનું,0,
વધારી,0,
વપરાયેલું,0,
વરસાદ,0,
વલણ,0,
વસ્તુ,0,
વહેમ,0,
વાંધાજનક,0,
વાંધો,0,
વાડ,0,
વાદવિવાદ,0,
વાદળ,0,
વાવાઝોડું,0,
વાસ,0,
વાસી,0,
વાહિયાત,0,
વિકટ,0,
વિકૃત,0,
વિકૃતિ,0,
વિક્ષેપ,0,
વિક્ષેપો,0,
વિઘટિત,0,
વિઘ્ન,0,
વિચક્ષણ,0,
વિચલન,0,
વિચિત્ર,0,
વિચિત્રતા,0,
વિદ્રોહ,0,
વિધ્વંસ,0,
વિનાનું,0,
વિનાશ,0,
વિનાશક,0,
વિપક્ષ,0,
વિપરીત,0,
વિપ્લવ,0,
વિભાજન,0,
વિભાજિત,0,
વિભાજીત,0,
વિમુખ,0,
વિરામ,0,
વિરુદ્ધ,0,
વિરોધ,0,
વિરોધાભાસ,0,
વિરોધાભાસી,0,
વિરોધી,0,
વિલંબ,0,
વિલંબિત,0,
વિલક્ષણતા,0,
વિલન,0,
વિલય,0,
વિલાપ,0,
વિવાદ,0,
વિવાદાસ્પદ,0,
વિવેચક,0,
વિશેનો,0,
વિશ્વાસઘાત,0,
વિષમ,0,
વિષાણુ,0,
વિસર્જન,0,
વિસ્થાપિત,0,
વિસ્ફોટક,0,
વિસ્ફોટો,0,
વેર,0,
વેરવિખેર,0,
વેરાન,0,
વેશ્યા,0,
વૈદ્ય,0,
વ્યંગાત્મક,0,
વ્યભિચાર,0,
વ્યર્થ,0,
વ્યસની,0,
વ્યાકુળ,0,
વ્રણ,0,
શંકા,0,
શંકાને,0,
શંકાશીલ,0,
શંકાસ્પદ,0,
શત્રુ,0,
શત્રુતા,0,
શબ્દોમાં,0,
શરણે,0,
શરમ,0,
શરમજનક,0,
શહાદત,0,
શહીદી,0,
શાપ,0,
શારકામ,0,
શાર્ક,0,
શિકારી,0,
શિક્ષા,0,
શિક્ષાત્મક,0,
શિથિલ,0,
શું,0,
શુષ્ક,0,
શેતાનનું,0,
શેતાની,0,
શૈતાની,0,
શોક,0,
શોકાતુર,0,
શોષણ,0,
સંકટ,0,
સંકલ્પ,0,
સંકીર્ણ,0,
સંગ્રામ,0,
સંઘર્ષ,0,
સંતાપ,0,
સંદિગ્ધ,0,
સંદેહ,0,
સંબંધ,0,
સંબંધિત,0,
સંયમી,0,
સંશય,0,
સખત,0,
સખતાઈ,0,
સખ્ત,0,
સજા,0,
સડો,0,
સતામણી,0,
સમતુલા,0,
સમન્સ,0,
સમર્પણ,0,
સમસ્યા,0,
સમસ્યાઓ,0,
સમાચાર,0,
સરમુખત્યાર,0,
સરમુખત્યારશાહી,0,
સર્વનાશ,0,
સહન,0,
સહાયભૂત,0,
સળગાવી,0,
સાંકડી,0,
સાંભળવાની,0,
સાક્ષાત્કાર,0,
સામનો,0,
સામ્રાજ્યવાદી,0,
સાવચેત,0,
સાહિત્ય,0,
સિંક,0,
સિન્ડ્રોમ,0,
સુગંધીદાર,0,
સુસ્ત,0,
સુસ્તી,0,
સૂચિતાર્થ,0,
સોંપણી,0,
સોજો,0,
સોળ,0,
સ્ખલન,0,
સ્ટમ્પ,0,
સ્ટર્ન,0,
સ્ટાર્ક,0,
સ્ટિંગ,0,
સ્ટેન,0,
સ્થાવર,0,
સ્ફોટક,0,
સ્મૃતિ,0,
સ્મેશ,0,
સ્વભાવ,0,
સ્વાર્થ,0,
સ્વાર્થી,0,
સ્વીકાર,0,
સ્વીકારવું,0,
હઠીલા,0,
હડતાલ,0,
હડતાળ,0,
હતાશ,0,
હતાશા,0,
હત્યા,0,
હત્યાકાંડ,0,
હદ,0,
હમ,0,
હરીફ,0,
હરીફાઈ,0,
હલકું,0,
હસ્તક્ષેપ,0,
હાંસલ,0,
હાંસી,0,
હાડપિંજર,0,
હાનિ,0,
હાનિકારક,0,
હારી,0,
હાસ્યાસ્પદ,0,
હિંસક,0,
હિંસાત્મક,0,
હિમ,0,
હીન,0,
હુમલા,0,
હુમલાખોર,0,
હુમલો,0,
હેક,0,
હેરાન,0,
હોનારત,0,
